model,augmentation,phase,epoch,loss,accuracy,date
OCDC__Size-640x640_Epoch-1_Images-840_Batch-1__no_augmentation.pth,no_augmentation,train,1,0.4036996066525933,0.8318505307152158,2021-08-01 12:05:30.888118
OCDC__Size-640x640_Epoch-1_Images-840_Batch-1__no_augmentation.pth,no_augmentation,test,1,0.5426515307277441,0.851740247938368,2021-08-01 12:05:30.888174
OCDC__Size-640x640_Epoch-2_Images-840_Batch-1__no_augmentation.pth,no_augmentation,train,2,0.436930195055902,0.8045966825939358,2021-08-01 12:22:30.883800
OCDC__Size-640x640_Epoch-2_Images-840_Batch-1__no_augmentation.pth,no_augmentation,test,2,0.5117913197519051,0.851740247938368,2021-08-01 12:22:30.883869
OCDC__Size-640x640_Epoch-3_Images-840_Batch-1__no_augmentation.pth,no_augmentation,train,3,0.43250729351614914,0.8056656813848582,2021-08-01 12:39:31.551196
OCDC__Size-640x640_Epoch-3_Images-840_Batch-1__no_augmentation.pth,no_augmentation,test,3,0.479757517690046,0.851740247938368,2021-08-01 12:39:31.551221
OCDC__Size-640x640_Epoch-4_Images-840_Batch-1__no_augmentation.pth,no_augmentation,train,4,0.44417480153164696,0.8074886358351929,2021-08-01 12:56:29.718787
OCDC__Size-640x640_Epoch-4_Images-840_Batch-1__no_augmentation.pth,no_augmentation,test,4,0.507201719408234,0.851740247938368,2021-08-01 12:56:29.718817
OCDC__Size-640x640_Epoch-5_Images-840_Batch-1__no_augmentation.pth,no_augmentation,train,5,0.44230070092404883,0.8073326125372023,2021-08-01 13:13:27.814538
OCDC__Size-640x640_Epoch-5_Images-840_Batch-1__no_augmentation.pth,no_augmentation,test,5,0.4404178913268778,0.851740247938368,2021-08-01 13:13:27.814594
OCDC__Size-640x640_Epoch-6_Images-840_Batch-1__no_augmentation.pth,no_augmentation,train,6,0.43167738759712804,0.8087575451078866,2021-08-01 13:30:25.799325
OCDC__Size-640x640_Epoch-6_Images-840_Batch-1__no_augmentation.pth,no_augmentation,test,6,0.49074984431887664,0.851740247938368,2021-08-01 13:30:25.799383
OCDC__Size-640x640_Epoch-7_Images-840_Batch-1__no_augmentation.pth,no_augmentation,train,7,0.4357240918136778,0.8087575451078866,2021-08-01 13:47:24.180646
OCDC__Size-640x640_Epoch-7_Images-840_Batch-1__no_augmentation.pth,no_augmentation,test,7,0.4853607303152482,0.851740247938368,2021-08-01 13:47:24.180673
OCDC__Size-640x640_Epoch-8_Images-840_Batch-1__no_augmentation.pth,no_augmentation,train,8,0.4245314225909256,0.808314075288318,2021-08-01 14:04:22.535685
OCDC__Size-640x640_Epoch-8_Images-840_Batch-1__no_augmentation.pth,no_augmentation,test,8,0.5285515095521178,0.851740247938368,2021-08-01 14:04:22.535711
OCDC__Size-640x640_Epoch-9_Images-840_Batch-1__no_augmentation.pth,no_augmentation,train,9,0.43085373446478376,0.8085991908482139,2021-08-01 14:21:20.442589
OCDC__Size-640x640_Epoch-9_Images-840_Batch-1__no_augmentation.pth,no_augmentation,test,9,0.5839968197565112,0.851740247938368,2021-08-01 14:21:20.442614
OCDC__Size-640x640_Epoch-10_Images-840_Batch-1__no_augmentation.pth,no_augmentation,train,10,0.4282671435048715,0.8087575451078866,2021-08-01 14:38:18.239409
OCDC__Size-640x640_Epoch-10_Images-840_Batch-1__no_augmentation.pth,no_augmentation,test,10,0.5154076302734514,0.851740247938368,2021-08-01 14:38:18.239464
OCDC__Size-640x640_Epoch-11_Images-840_Batch-1__no_augmentation.pth,no_augmentation,train,11,0.45545302469815524,0.8081930193219862,2021-08-01 14:55:15.883040
OCDC__Size-640x640_Epoch-11_Images-840_Batch-1__no_augmentation.pth,no_augmentation,test,11,0.45618408295429413,0.851740247938368,2021-08-01 14:55:15.883095
OCDC__Size-640x640_Epoch-12_Images-840_Batch-1__no_augmentation.pth,no_augmentation,train,12,0.44540951431595854,0.8084100487118671,2021-08-01 15:12:13.536013
OCDC__Size-640x640_Epoch-12_Images-840_Batch-1__no_augmentation.pth,no_augmentation,test,12,0.433909773060845,0.851740247938368,2021-08-01 15:12:13.536069
OCDC__Size-640x640_Epoch-13_Images-840_Batch-1__no_augmentation.pth,no_augmentation,train,13,0.43574066816917845,0.8087575451078866,2021-08-01 15:29:11.196414
OCDC__Size-640x640_Epoch-13_Images-840_Batch-1__no_augmentation.pth,no_augmentation,test,13,0.5218157526933485,0.851740247938368,2021-08-01 15:29:11.196484
OCDC__Size-640x640_Epoch-14_Images-840_Batch-1__no_augmentation.pth,no_augmentation,train,14,0.4374304234981537,0.8075571085611976,2021-08-01 15:46:12.113797
OCDC__Size-640x640_Epoch-14_Images-840_Batch-1__no_augmentation.pth,no_augmentation,test,14,0.4758523954388996,0.851740247938368,2021-08-01 15:46:12.113851
OCDC__Size-640x640_Epoch-15_Images-840_Batch-1__no_augmentation.pth,no_augmentation,train,15,0.44515741185418195,0.8067051130022325,2021-08-01 16:03:10.827598
OCDC__Size-640x640_Epoch-15_Images-840_Batch-1__no_augmentation.pth,no_augmentation,test,15,0.5228251718915999,0.851740247938368,2021-08-01 16:03:10.827627
OCDC__Size-640x640_Epoch-16_Images-840_Batch-1__no_augmentation.pth,no_augmentation,train,16,0.4386856619379528,0.8063794613792783,2021-08-01 16:20:10.216869
OCDC__Size-640x640_Epoch-16_Images-840_Batch-1__no_augmentation.pth,no_augmentation,test,16,0.48563850039823186,0.851740247938368,2021-08-01 16:20:10.216925
OCDC__Size-640x640_Epoch-17_Images-840_Batch-1__no_augmentation.pth,no_augmentation,train,17,0.433174105259102,0.8075612357003347,2021-08-01 16:37:08.104854
OCDC__Size-640x640_Epoch-17_Images-840_Batch-1__no_augmentation.pth,no_augmentation,test,17,0.43593791996439296,0.851740247938368,2021-08-01 16:37:08.104883
OCDC__Size-640x640_Epoch-18_Images-840_Batch-1__no_augmentation.pth,no_augmentation,train,18,0.4328260780267772,0.8067359299432666,2021-08-01 16:54:05.916786
OCDC__Size-640x640_Epoch-18_Images-840_Batch-1__no_augmentation.pth,no_augmentation,test,18,0.4256378067864312,0.851740247938368,2021-08-01 16:54:05.916814
OCDC__Size-640x640_Epoch-19_Images-840_Batch-1__no_augmentation.pth,no_augmentation,train,19,0.42254140308969435,0.8075486624581476,2021-08-01 17:11:03.892633
OCDC__Size-640x640_Epoch-19_Images-840_Batch-1__no_augmentation.pth,no_augmentation,test,19,0.4138043988909986,0.851740247938368,2021-08-01 17:11:03.892660
OCDC__Size-640x640_Epoch-20_Images-840_Batch-1__no_augmentation.pth,no_augmentation,train,20,0.4144808605313301,0.807886564708891,2021-08-01 17:28:03.015380
OCDC__Size-640x640_Epoch-20_Images-840_Batch-1__no_augmentation.pth,no_augmentation,test,20,0.4323225804294149,0.851740247938368,2021-08-01 17:28:03.015407
OCDC__Size-640x640_Epoch-21_Images-840_Batch-1__no_augmentation.pth,no_augmentation,train,21,0.41204601167590316,0.8077118791852678,2021-08-01 17:45:01.052438
OCDC__Size-640x640_Epoch-21_Images-840_Batch-1__no_augmentation.pth,no_augmentation,test,21,0.4691696566581312,0.851740247938368,2021-08-01 17:45:01.052466
OCDC__Size-640x640_Epoch-22_Images-840_Batch-1__no_augmentation.pth,no_augmentation,train,22,0.40676036579534414,0.8078446626209079,2021-08-01 18:02:05.835276
OCDC__Size-640x640_Epoch-22_Images-840_Batch-1__no_augmentation.pth,no_augmentation,test,22,0.4318106107413769,0.851740247938368,2021-08-01 18:02:05.835319
OCDC__Size-640x640_Epoch-23_Images-840_Batch-1__no_augmentation.pth,no_augmentation,train,23,0.40562509258632506,0.8075884399414059,2021-08-01 18:19:04.650757
OCDC__Size-640x640_Epoch-23_Images-840_Batch-1__no_augmentation.pth,no_augmentation,test,23,0.43001699820160866,0.851740247938368,2021-08-01 18:19:04.650784
OCDC__Size-640x640_Epoch-24_Images-840_Batch-1__no_augmentation.pth,no_augmentation,train,24,0.40149048687446687,0.8073185134161087,2021-08-01 18:36:03.280602
OCDC__Size-640x640_Epoch-24_Images-840_Batch-1__no_augmentation.pth,no_augmentation,test,24,0.4266468594575094,0.851740247938368,2021-08-01 18:36:03.280629
OCDC__Size-640x640_Epoch-25_Images-840_Batch-1__no_augmentation.pth,no_augmentation,train,25,0.3919445054206465,0.8085863385881696,2021-08-01 18:53:01.376692
OCDC__Size-640x640_Epoch-25_Images-840_Batch-1__no_augmentation.pth,no_augmentation,test,25,0.40799207152384853,0.851740247938368,2021-08-01 18:53:01.376745
OCDC__Size-640x640_Epoch-26_Images-840_Batch-1__no_augmentation.pth,no_augmentation,train,26,0.3894400150204698,0.8079518607003343,2021-08-01 19:09:59.576029
OCDC__Size-640x640_Epoch-26_Images-840_Batch-1__no_augmentation.pth,no_augmentation,test,26,0.3969088593342652,0.851740247938368,2021-08-01 19:09:59.576056
OCDC__Size-640x640_Epoch-27_Images-840_Batch-1__no_augmentation.pth,no_augmentation,train,27,0.38110930771411705,0.8081120954241071,2021-08-01 19:26:58.093553
OCDC__Size-640x640_Epoch-27_Images-840_Batch-1__no_augmentation.pth,no_augmentation,test,27,0.3998977711372491,0.851740247938368,2021-08-01 19:26:58.093595
OCDC__Size-640x640_Epoch-28_Images-840_Batch-1__no_augmentation.pth,no_augmentation,train,28,0.36627553652062833,0.8084367995489211,2021-08-01 19:43:56.703606
OCDC__Size-640x640_Epoch-28_Images-840_Batch-1__no_augmentation.pth,no_augmentation,test,28,0.46654686376245486,0.851740247938368,2021-08-01 19:43:56.703632
OCDC__Size-640x640_Epoch-29_Images-840_Batch-1__no_augmentation.pth,no_augmentation,train,29,0.36784182542580224,0.8084418596540183,2021-08-01 20:00:55.422449
OCDC__Size-640x640_Epoch-29_Images-840_Batch-1__no_augmentation.pth,no_augmentation,test,29,0.37593475815633104,0.851740247938368,2021-08-01 20:00:55.422504
OCDC__Size-640x640_Epoch-30_Images-840_Batch-1__no_augmentation.pth,no_augmentation,train,30,0.35729493501906595,0.8181867762974334,2021-08-01 20:17:53.562693
OCDC__Size-640x640_Epoch-30_Images-840_Batch-1__no_augmentation.pth,no_augmentation,test,30,0.4023986912228995,0.851740247938368,2021-08-01 20:17:53.562731
OCDC__Size-640x640_Epoch-31_Images-840_Batch-1__no_augmentation.pth,no_augmentation,train,31,0.351271957231109,0.8314478440057665,2021-08-01 20:34:52.161184
OCDC__Size-640x640_Epoch-31_Images-840_Batch-1__no_augmentation.pth,no_augmentation,test,31,0.3687758235674765,0.8517406819661457,2021-08-01 20:34:52.161225
OCDC__Size-640x640_Epoch-32_Images-840_Batch-1__no_augmentation.pth,no_augmentation,train,32,0.34119061590726707,0.8405041067940855,2021-08-01 20:51:51.036148
OCDC__Size-640x640_Epoch-32_Images-840_Batch-1__no_augmentation.pth,no_augmentation,test,32,0.4027721603194045,0.8517742784288195,2021-08-01 20:51:51.036204
OCDC__Size-640x640_Epoch-33_Images-840_Batch-1__no_augmentation.pth,no_augmentation,train,33,0.33584728368247546,0.8442594575427836,2021-08-01 21:08:49.746509
OCDC__Size-640x640_Epoch-33_Images-840_Batch-1__no_augmentation.pth,no_augmentation,test,33,0.36656786059546803,0.8518181559244792,2021-08-01 21:08:49.746536
OCDC__Size-640x640_Epoch-34_Images-840_Batch-1__no_augmentation.pth,no_augmentation,train,34,0.33137401814594686,0.8500169358026415,2021-08-01 21:25:48.583810
OCDC__Size-640x640_Epoch-34_Images-840_Batch-1__no_augmentation.pth,no_augmentation,test,34,0.3709084765312986,0.8520397135416664,2021-08-01 21:25:48.583836
OCDC__Size-640x640_Epoch-35_Images-840_Batch-1__no_augmentation.pth,no_augmentation,train,35,0.3285387716976748,0.8559442458379847,2021-08-01 21:42:47.491896
OCDC__Size-640x640_Epoch-35_Images-840_Batch-1__no_augmentation.pth,no_augmentation,test,35,0.3572485854073117,0.8518519151475693,2021-08-01 21:42:47.491937
OCDC__Size-640x640_Epoch-36_Images-840_Batch-1__no_augmentation.pth,no_augmentation,train,36,0.3216915540358362,0.853774725051154,2021-08-01 21:59:46.653936
OCDC__Size-640x640_Epoch-36_Images-840_Batch-1__no_augmentation.pth,no_augmentation,test,36,0.34577890237172443,0.8527506646050346,2021-08-01 21:59:46.653963
OCDC__Size-640x640_Epoch-37_Images-840_Batch-1__no_augmentation.pth,no_augmentation,train,37,0.3140673194512991,0.8594952392578132,2021-08-01 22:16:45.322338
OCDC__Size-640x640_Epoch-37_Images-840_Batch-1__no_augmentation.pth,no_augmentation,test,37,0.4026163804732884,0.8524595675998268,2021-08-01 22:16:45.322386
OCDC__Size-640x640_Epoch-38_Images-840_Batch-1__no_augmentation.pth,no_augmentation,train,38,0.30793367270158517,0.8676196347191226,2021-08-01 22:33:44.071383
OCDC__Size-640x640_Epoch-38_Images-840_Batch-1__no_augmentation.pth,no_augmentation,test,38,0.34461075035958655,0.8526571858723958,2021-08-01 22:33:44.071437
OCDC__Size-640x640_Epoch-39_Images-840_Batch-1__no_augmentation.pth,no_augmentation,train,39,0.30984487354788665,0.8625207577659975,2021-08-01 22:50:42.820082
OCDC__Size-640x640_Epoch-39_Images-840_Batch-1__no_augmentation.pth,no_augmentation,test,39,0.340747844065643,0.8538599039713538,2021-08-01 22:50:42.820123
OCDC__Size-640x640_Epoch-40_Images-840_Batch-1__no_augmentation.pth,no_augmentation,train,40,0.33022383615718265,0.8524543079194572,2021-08-01 23:07:41.470647
OCDC__Size-640x640_Epoch-40_Images-840_Batch-1__no_augmentation.pth,no_augmentation,test,40,0.3245242464511345,0.8544455023871524,2021-08-01 23:07:41.470686
OCDC__Size-640x640_Epoch-41_Images-840_Batch-1__no_augmentation.pth,no_augmentation,train,41,0.31401463968712573,0.858536664690291,2021-08-01 23:24:38.986420
OCDC__Size-640x640_Epoch-41_Images-840_Batch-1__no_augmentation.pth,no_augmentation,test,41,0.3256198404434448,0.8546632893880207,2021-08-01 23:24:38.986447
OCDC__Size-640x640_Epoch-42_Images-840_Batch-1__no_augmentation.pth,no_augmentation,train,42,0.30247087997683725,0.8655034790039059,2021-08-01 23:41:36.532353
OCDC__Size-640x640_Epoch-42_Images-840_Batch-1__no_augmentation.pth,no_augmentation,test,42,0.31625058849393906,0.8569700656467012,2021-08-01 23:41:36.532379
OCDC__Size-640x640_Epoch-43_Images-840_Batch-1__no_augmentation.pth,no_augmentation,train,43,0.2926229483307993,0.8736350562686022,2021-08-01 23:58:34.018026
OCDC__Size-640x640_Epoch-43_Images-840_Batch-1__no_augmentation.pth,no_augmentation,test,43,0.3091651175171137,0.8567507731119791,2021-08-01 23:58:34.018056
OCDC__Size-640x640_Epoch-44_Images-840_Batch-1__no_augmentation.pth,no_augmentation,train,44,0.28851350914434687,0.8737589518229166,2021-08-02 00:15:31.763271
OCDC__Size-640x640_Epoch-44_Images-840_Batch-1__no_augmentation.pth,no_augmentation,test,44,0.3117661112634879,0.8584859619140623,2021-08-02 00:15:31.763325
OCDC__Size-640x640_Epoch-45_Images-840_Batch-1__no_augmentation.pth,no_augmentation,train,45,0.2739382417391642,0.883095822288877,2021-08-02 00:32:29.273699
OCDC__Size-640x640_Epoch-45_Images-840_Batch-1__no_augmentation.pth,no_augmentation,test,45,0.307969625454603,0.8593518066406248,2021-08-02 00:32:29.273730
OCDC__Size-640x640_Epoch-46_Images-840_Batch-1__no_augmentation.pth,no_augmentation,train,46,0.28315822609611563,0.8784392583937881,2021-08-02 00:49:27.001403
OCDC__Size-640x640_Epoch-46_Images-840_Batch-1__no_augmentation.pth,no_augmentation,test,46,0.37665160948009646,0.8567704399956595,2021-08-02 00:49:27.001457
OCDC__Size-640x640_Epoch-47_Images-840_Batch-1__no_augmentation.pth,no_augmentation,train,47,0.26472226621893546,0.8906560698009677,2021-08-02 01:06:24.578829
OCDC__Size-640x640_Epoch-47_Images-840_Batch-1__no_augmentation.pth,no_augmentation,test,47,0.29365375831904306,0.8627747531467015,2021-08-02 01:06:24.578871
OCDC__Size-640x640_Epoch-48_Images-840_Batch-1__no_augmentation.pth,no_augmentation,train,48,0.26136718198706926,0.8911759876069573,2021-08-02 01:23:21.953195
OCDC__Size-640x640_Epoch-48_Images-840_Batch-1__no_augmentation.pth,no_augmentation,test,48,0.3092405975253011,0.8598007269965277,2021-08-02 01:23:21.953240
OCDC__Size-640x640_Epoch-49_Images-840_Batch-1__no_augmentation.pth,no_augmentation,train,49,0.25713556689997424,0.8928564133417036,2021-08-02 01:40:19.070111
OCDC__Size-640x640_Epoch-49_Images-840_Batch-1__no_augmentation.pth,no_augmentation,test,49,0.3001091762820983,0.8649522976345482,2021-08-02 01:40:19.070165
OCDC__Size-640x640_Epoch-50_Images-840_Batch-1__no_augmentation.pth,no_augmentation,train,50,0.2510695676334546,0.8961819748651413,2021-08-02 01:57:16.439461
OCDC__Size-640x640_Epoch-50_Images-840_Batch-1__no_augmentation.pth,no_augmentation,test,50,0.2984434661481323,0.8646690809461802,2021-08-02 01:57:16.439517
OCDC__Size-640x640_Epoch-51_Images-840_Batch-1__no_augmentation.pth,no_augmentation,train,51,0.24431380988493662,0.8976852707635787,2021-08-02 02:14:15.185484
OCDC__Size-640x640_Epoch-51_Images-840_Batch-1__no_augmentation.pth,no_augmentation,test,51,0.40835347226756213,0.8624243299696182,2021-08-02 02:14:15.185529
OCDC__Size-640x640_Epoch-52_Images-840_Batch-1__no_augmentation.pth,no_augmentation,train,52,0.2519907353696042,0.8960475928896948,2021-08-02 02:31:12.571884
OCDC__Size-640x640_Epoch-52_Images-840_Batch-1__no_augmentation.pth,no_augmentation,test,52,0.2821283575354351,0.8697578667534724,2021-08-02 02:31:12.571932
OCDC__Size-640x640_Epoch-53_Images-840_Batch-1__no_augmentation.pth,no_augmentation,train,53,0.24555932620437704,0.9001839454287581,2021-08-02 02:48:10.473534
OCDC__Size-640x640_Epoch-53_Images-840_Batch-1__no_augmentation.pth,no_augmentation,test,53,0.3337000705663943,0.8707043321397568,2021-08-02 02:48:10.473595
OCDC__Size-640x640_Epoch-54_Images-840_Batch-1__no_augmentation.pth,no_augmentation,train,54,0.2524946257230892,0.8948773803710927,2021-08-02 03:05:07.704434
OCDC__Size-640x640_Epoch-54_Images-840_Batch-1__no_augmentation.pth,no_augmentation,test,54,0.28967931654899276,0.867833523220486,2021-08-02 03:05:07.704489
OCDC__Size-640x640_Epoch-55_Images-840_Batch-1__no_augmentation.pth,no_augmentation,train,55,0.26943836136211063,0.8858917003813254,2021-08-02 03:22:05.019731
OCDC__Size-640x640_Epoch-55_Images-840_Batch-1__no_augmentation.pth,no_augmentation,test,55,0.2889064680836681,0.8721367458767355,2021-08-02 03:22:05.019790
OCDC__Size-640x640_Epoch-56_Images-840_Batch-1__no_augmentation.pth,no_augmentation,train,56,0.2471026682605346,0.8984367850167414,2021-08-02 03:39:02.709952
OCDC__Size-640x640_Epoch-56_Images-840_Batch-1__no_augmentation.pth,no_augmentation,test,56,0.2817628991712506,0.8721549072265629,2021-08-02 03:39:02.709995
OCDC__Size-640x640_Epoch-57_Images-840_Batch-1__no_augmentation.pth,no_augmentation,train,57,0.235666989638204,0.9057840895879847,2021-08-02 03:56:00.172643
OCDC__Size-640x640_Epoch-57_Images-840_Batch-1__no_augmentation.pth,no_augmentation,test,57,0.2688751973470466,0.8778928087022564,2021-08-02 03:56:00.172678
OCDC__Size-640x640_Epoch-58_Images-840_Batch-1__no_augmentation.pth,no_augmentation,train,58,0.22503587074184214,0.9085645839146219,2021-08-02 04:12:58.558913
OCDC__Size-640x640_Epoch-58_Images-840_Batch-1__no_augmentation.pth,no_augmentation,test,58,0.2654158870650766,0.8770516357421871,2021-08-02 04:12:58.558953
OCDC__Size-640x640_Epoch-59_Images-840_Batch-1__no_augmentation.pth,no_augmentation,train,59,0.2255272221820806,0.9078726981026805,2021-08-02 04:29:56.554651
OCDC__Size-640x640_Epoch-59_Images-840_Batch-1__no_augmentation.pth,no_augmentation,test,59,0.25362039632422645,0.8818193088107642,2021-08-02 04:29:56.554713
OCDC__Size-640x640_Epoch-60_Images-840_Batch-1__no_augmentation.pth,no_augmentation,train,60,0.22671959686503257,0.9074819510323668,2021-08-02 04:46:55.243212
OCDC__Size-640x640_Epoch-60_Images-840_Batch-1__no_augmentation.pth,no_augmentation,test,60,0.2629289177233457,0.8804442816840276,2021-08-02 04:46:55.243266
OCDC__Size-640x640_Epoch-61_Images-840_Batch-1__no_augmentation.pth,no_augmentation,train,61,0.22228021451543706,0.9097356683640268,2021-08-02 05:03:53.682579
OCDC__Size-640x640_Epoch-61_Images-840_Batch-1__no_augmentation.pth,no_augmentation,test,61,0.2628182201762684,0.8822960883246524,2021-08-02 05:03:53.682620
OCDC__Size-640x640_Epoch-62_Images-840_Batch-1__no_augmentation.pth,no_augmentation,train,62,0.22115072093660101,0.9118835652669288,2021-08-02 05:20:50.835610
OCDC__Size-640x640_Epoch-62_Images-840_Batch-1__no_augmentation.pth,no_augmentation,test,62,0.2604961643124827,0.8883452148437501,2021-08-02 05:20:50.835664
OCDC__Size-640x640_Epoch-63_Images-840_Batch-1__no_augmentation.pth,no_augmentation,train,63,0.2027213406259155,0.9205005609421509,2021-08-02 05:37:48.038306
OCDC__Size-640x640_Epoch-63_Images-840_Batch-1__no_augmentation.pth,no_augmentation,test,63,0.2360517391327044,0.898675509982639,2021-08-02 05:37:48.038335
OCDC__Size-640x640_Epoch-64_Images-840_Batch-1__no_augmentation.pth,no_augmentation,train,64,0.20461073250168868,0.9193744564964662,2021-08-02 05:54:45.584713
OCDC__Size-640x640_Epoch-64_Images-840_Batch-1__no_augmentation.pth,no_augmentation,test,64,0.23083851254195906,0.9034402804904517,2021-08-02 05:54:45.584786
OCDC__Size-640x640_Epoch-65_Images-840_Batch-1__no_augmentation.pth,no_augmentation,train,65,0.20137135692133423,0.9207852928524927,2021-08-02 06:11:43.134582
OCDC__Size-640x640_Epoch-65_Images-840_Batch-1__no_augmentation.pth,no_augmentation,test,65,0.2834299560299971,0.8743615451388886,2021-08-02 06:11:43.134640
OCDC__Size-640x640_Epoch-66_Images-840_Batch-1__no_augmentation.pth,no_augmentation,train,66,0.20976740821483655,0.9140746983119427,2021-08-02 06:28:40.780061
OCDC__Size-640x640_Epoch-66_Images-840_Batch-1__no_augmentation.pth,no_augmentation,test,66,0.23060233725183127,0.9011953396267364,2021-08-02 06:28:40.780090
OCDC__Size-640x640_Epoch-67_Images-840_Batch-1__no_augmentation.pth,no_augmentation,train,67,0.2489163769402824,0.8999323788597468,2021-08-02 06:45:42.066844
OCDC__Size-640x640_Epoch-67_Images-840_Batch-1__no_augmentation.pth,no_augmentation,test,67,0.2882332342224092,0.8734223497178819,2021-08-02 06:45:42.066888
OCDC__Size-640x640_Epoch-68_Images-840_Batch-1__no_augmentation.pth,no_augmentation,train,68,0.23902643179504335,0.9032076183500757,2021-08-02 07:02:40.976019
OCDC__Size-640x640_Epoch-68_Images-840_Batch-1__no_augmentation.pth,no_augmentation,test,68,0.3190033707108038,0.869454399956597,2021-08-02 07:02:40.976065
OCDC__Size-640x640_Epoch-69_Images-840_Batch-1__no_augmentation.pth,no_augmentation,train,69,0.23204760774651298,0.9071084245954233,2021-08-02 07:19:39.972936
OCDC__Size-640x640_Epoch-69_Images-840_Batch-1__no_augmentation.pth,no_augmentation,test,69,0.250991299479372,0.8849594184027779,2021-08-02 07:19:39.972973
OCDC__Size-640x640_Epoch-70_Images-840_Batch-1__no_augmentation.pth,no_augmentation,train,70,0.20179893134530477,0.9200644560314359,2021-08-02 07:36:38.516072
OCDC__Size-640x640_Epoch-70_Images-840_Batch-1__no_augmentation.pth,no_augmentation,test,70,0.24170192634531606,0.8912639295789933,2021-08-02 07:36:38.516140
OCDC__Size-640x640_Epoch-71_Images-840_Batch-1__no_augmentation.pth,no_augmentation,train,71,0.19015247771867075,0.9252911929175969,2021-08-02 07:53:37.150394
OCDC__Size-640x640_Epoch-71_Images-840_Batch-1__no_augmentation.pth,no_augmentation,test,71,0.2408645715409269,0.8955361870659723,2021-08-02 07:53:37.150464
OCDC__Size-640x640_Epoch-72_Images-840_Batch-1__no_augmentation.pth,no_augmentation,train,72,0.17941509448698656,0.9300974237351205,2021-08-02 08:10:35.610158
OCDC__Size-640x640_Epoch-72_Images-840_Batch-1__no_augmentation.pth,no_augmentation,test,72,0.23235161765284526,0.9119381917317706,2021-08-02 08:10:35.610200
OCDC__Size-640x640_Epoch-73_Images-840_Batch-1__no_augmentation.pth,no_augmentation,train,73,0.17568999403572108,0.9305854666573672,2021-08-02 08:27:34.047214
OCDC__Size-640x640_Epoch-73_Images-840_Batch-1__no_augmentation.pth,no_augmentation,test,73,0.24163183523730064,0.8973242458767358,2021-08-02 08:27:34.047258
OCDC__Size-640x640_Epoch-74_Images-840_Batch-1__no_augmentation.pth,no_augmentation,train,74,0.17056280124580508,0.9336271536690853,2021-08-02 08:44:32.677296
OCDC__Size-640x640_Epoch-74_Images-840_Batch-1__no_augmentation.pth,no_augmentation,test,74,0.24035223547252826,0.8985564371744783,2021-08-02 08:44:32.677337
OCDC__Size-640x640_Epoch-75_Images-840_Batch-1__no_augmentation.pth,no_augmentation,train,75,0.17366442962347287,0.9334333525158106,2021-08-02 09:01:31.684425
OCDC__Size-640x640_Epoch-75_Images-840_Batch-1__no_augmentation.pth,no_augmentation,test,75,0.22690632766785307,0.9081995713975691,2021-08-02 09:01:31.684462
OCDC__Size-640x640_Epoch-76_Images-840_Batch-1__no_augmentation.pth,no_augmentation,train,76,0.19299902289054616,0.9274344424293154,2021-08-02 09:18:29.994970
OCDC__Size-640x640_Epoch-76_Images-840_Batch-1__no_augmentation.pth,no_augmentation,test,76,0.25319721842469234,0.8894899902343749,2021-08-02 09:18:29.995007
OCDC__Size-640x640_Epoch-77_Images-840_Batch-1__no_augmentation.pth,no_augmentation,train,77,0.17496950796346591,0.9318705589657744,2021-08-02 09:35:28.616561
OCDC__Size-640x640_Epoch-77_Images-840_Batch-1__no_augmentation.pth,no_augmentation,test,77,0.23112355074133828,0.9035357801649305,2021-08-02 09:35:28.616587
OCDC__Size-640x640_Epoch-78_Images-840_Batch-1__no_augmentation.pth,no_augmentation,train,78,0.15817431265209703,0.9401107555571064,2021-08-02 09:52:28.074905
OCDC__Size-640x640_Epoch-78_Images-840_Batch-1__no_augmentation.pth,no_augmentation,test,78,0.2407669246261422,0.8997911105685762,2021-08-02 09:52:28.074962
OCDC__Size-640x640_Epoch-79_Images-840_Batch-1__no_augmentation.pth,no_augmentation,train,79,0.17613636809830843,0.9323305867513026,2021-08-02 10:09:26.939663
OCDC__Size-640x640_Epoch-79_Images-840_Batch-1__no_augmentation.pth,no_augmentation,test,79,0.2752088743688849,0.8819287109374997,2021-08-02 10:09:26.939701
OCDC__Size-640x640_Epoch-80_Images-840_Batch-1__no_augmentation.pth,no_augmentation,train,80,0.16375654780145157,0.9354675990513392,2021-08-02 10:26:25.740278
OCDC__Size-640x640_Epoch-80_Images-840_Batch-1__no_augmentation.pth,no_augmentation,test,80,0.22530880530248396,0.9092358262803819,2021-08-02 10:26:25.740308
OCDC__Size-640x640_Epoch-81_Images-840_Batch-1__no_augmentation.pth,no_augmentation,train,81,0.1599063809496112,0.9381193934849327,2021-08-02 10:43:25.073069
OCDC__Size-640x640_Epoch-81_Images-840_Batch-1__no_augmentation.pth,no_augmentation,test,81,0.20986606817492026,0.9109569498697916,2021-08-02 10:43:25.073096
OCDC__Size-640x640_Epoch-82_Images-840_Batch-1__no_augmentation.pth,no_augmentation,train,82,0.1493877532583567,0.9427051972888757,2021-08-02 11:00:25.367741
OCDC__Size-640x640_Epoch-82_Images-840_Batch-1__no_augmentation.pth,no_augmentation,test,82,0.2157219380977848,0.9125375298394096,2021-08-02 11:00:25.367774
OCDC__Size-640x640_Epoch-83_Images-840_Batch-1__no_augmentation.pth,no_augmentation,train,83,0.14554465828976043,0.9448703787667413,2021-08-02 11:17:25.058204
OCDC__Size-640x640_Epoch-83_Images-840_Batch-1__no_augmentation.pth,no_augmentation,test,83,0.21506065825524273,0.9108380126953125,2021-08-02 11:17:25.058233
OCDC__Size-640x640_Epoch-84_Images-840_Batch-1__no_augmentation.pth,no_augmentation,train,84,0.1417277519419648,0.9462433762323292,2021-08-02 11:34:24.363065
OCDC__Size-640x640_Epoch-84_Images-840_Batch-1__no_augmentation.pth,no_augmentation,test,84,0.259975685473829,0.8934940999348958,2021-08-02 11:34:24.363091
OCDC__Size-640x640_Epoch-85_Images-840_Batch-1__no_augmentation.pth,no_augmentation,train,85,0.1488361516847536,0.9418356875465042,2021-08-02 11:51:23.641880
OCDC__Size-640x640_Epoch-85_Images-840_Batch-1__no_augmentation.pth,no_augmentation,test,85,0.22151894037378952,0.9082747124565974,2021-08-02 11:51:23.641939
OCDC__Size-640x640_Epoch-86_Images-840_Batch-1__no_augmentation.pth,no_augmentation,train,86,0.14608402176057833,0.9441665823800229,2021-08-02 12:08:23.324699
OCDC__Size-640x640_Epoch-86_Images-840_Batch-1__no_augmentation.pth,no_augmentation,test,86,0.2726846161657401,0.8864933268229166,2021-08-02 12:08:23.324739
OCDC__Size-640x640_Epoch-87_Images-840_Batch-1__no_augmentation.pth,no_augmentation,train,87,0.14353150151268243,0.9459256243024543,2021-08-02 12:25:22.928512
OCDC__Size-640x640_Epoch-87_Images-840_Batch-1__no_augmentation.pth,no_augmentation,test,87,0.22977099875214563,0.9084775661892357,2021-08-02 12:25:22.928552
OCDC__Size-640x640_Epoch-88_Images-840_Batch-1__no_augmentation.pth,no_augmentation,train,88,0.1686974897689305,0.9339069330124629,2021-08-02 12:42:21.468566
OCDC__Size-640x640_Epoch-88_Images-840_Batch-1__no_augmentation.pth,no_augmentation,test,88,0.22340038655464822,0.9058205430772568,2021-08-02 12:42:21.468624
OCDC__Size-640x640_Epoch-89_Images-840_Batch-1__no_augmentation.pth,no_augmentation,train,89,0.13366238955085075,0.9498167259579633,2021-08-02 12:59:20.206751
OCDC__Size-640x640_Epoch-89_Images-840_Batch-1__no_augmentation.pth,no_augmentation,test,89,0.21457412887183536,0.9069281819661459,2021-08-02 12:59:20.206814
OCDC__Size-640x640_Epoch-90_Images-840_Batch-1__no_augmentation.pth,no_augmentation,train,90,0.13110884489503535,0.9518835216703868,2021-08-02 13:16:18.895753
OCDC__Size-640x640_Epoch-90_Images-840_Batch-1__no_augmentation.pth,no_augmentation,test,90,0.2252212956337543,0.9093239339192709,2021-08-02 13:16:18.895843
OCDC__Size-640x640_Epoch-91_Images-840_Batch-1__no_augmentation.pth,no_augmentation,train,91,0.128522581510541,0.9510599917457222,2021-08-02 13:33:17.876118
OCDC__Size-640x640_Epoch-91_Images-840_Batch-1__no_augmentation.pth,no_augmentation,test,91,0.22680953432815537,0.9116341552734375,2021-08-02 13:33:17.876148
OCDC__Size-640x640_Epoch-92_Images-840_Batch-1__no_augmentation.pth,no_augmentation,train,92,0.12426915132279343,0.9536079217819956,2021-08-02 13:50:16.725941
OCDC__Size-640x640_Epoch-92_Images-840_Batch-1__no_augmentation.pth,no_augmentation,test,92,0.20256252713758538,0.9194766031901042,2021-08-02 13:50:16.726003
OCDC__Size-640x640_Epoch-93_Images-840_Batch-1__no_augmentation.pth,no_augmentation,train,93,0.11946790450626958,0.9547264724004837,2021-08-02 14:07:15.437357
OCDC__Size-640x640_Epoch-93_Images-840_Batch-1__no_augmentation.pth,no_augmentation,test,93,0.22273550128504413,0.9149684380425345,2021-08-02 14:07:15.437384
OCDC__Size-640x640_Epoch-94_Images-840_Batch-1__no_augmentation.pth,no_augmentation,train,94,0.11574323796418563,0.9567915358770447,2021-08-02 14:24:14.417932
OCDC__Size-640x640_Epoch-94_Images-840_Batch-1__no_augmentation.pth,no_augmentation,test,94,0.23753910336801912,0.910364990234375,2021-08-02 14:24:14.417999
OCDC__Size-640x640_Epoch-95_Images-840_Batch-1__no_augmentation.pth,no_augmentation,train,95,0.14021490459410763,0.9461839367094488,2021-08-02 14:41:12.852974
OCDC__Size-640x640_Epoch-95_Images-840_Batch-1__no_augmentation.pth,no_augmentation,test,95,0.1983076479209962,0.9184236653645831,2021-08-02 14:41:12.853003
OCDC__Size-640x640_Epoch-96_Images-840_Batch-1__no_augmentation.pth,no_augmentation,train,96,0.13438907310222323,0.9491247820172983,2021-08-02 14:58:12.305423
OCDC__Size-640x640_Epoch-96_Images-840_Batch-1__no_augmentation.pth,no_augmentation,test,96,0.2017944352049704,0.9156850992838541,2021-08-02 14:58:12.305466
OCDC__Size-640x640_Epoch-97_Images-840_Batch-1__no_augmentation.pth,no_augmentation,train,97,0.12038478358716972,0.9556168677920392,2021-08-02 15:15:11.671345
OCDC__Size-640x640_Epoch-97_Images-840_Batch-1__no_augmentation.pth,no_augmentation,test,97,0.21371002392269373,0.9135943332248266,2021-08-02 15:15:11.671425
OCDC__Size-640x640_Epoch-98_Images-840_Batch-1__no_augmentation.pth,no_augmentation,train,98,0.10829764566042285,0.9591357014973961,2021-08-02 15:32:10.432885
OCDC__Size-640x640_Epoch-98_Images-840_Batch-1__no_augmentation.pth,no_augmentation,test,98,0.2233457504301138,0.9171009521484379,2021-08-02 15:32:10.432911
OCDC__Size-640x640_Epoch-99_Images-840_Batch-1__no_augmentation.pth,no_augmentation,train,99,0.11049973429876228,0.9581740867978049,2021-08-02 15:49:10.050404
OCDC__Size-640x640_Epoch-99_Images-840_Batch-1__no_augmentation.pth,no_augmentation,test,99,0.28119370111307945,0.8978416612413196,2021-08-02 15:49:10.050459
OCDC__Size-640x640_Epoch-100_Images-840_Batch-1__no_augmentation.pth,no_augmentation,train,100,0.11086544883580808,0.95807848249163,2021-08-02 16:06:09.335657
OCDC__Size-640x640_Epoch-100_Images-840_Batch-1__no_augmentation.pth,no_augmentation,test,100,0.2271411815099984,0.9107925889756946,2021-08-02 16:06:09.335686
OCDC__Size-640x640_Epoch-101_Images-840_Batch-1__no_augmentation.pth,no_augmentation,train,101,0.10965774588582593,0.9592230805896585,2021-08-02 16:23:07.927703
OCDC__Size-640x640_Epoch-101_Images-840_Batch-1__no_augmentation.pth,no_augmentation,test,101,0.19452481868680074,0.9251389838324651,2021-08-02 16:23:07.927731
OCDC__Size-640x640_Epoch-102_Images-840_Batch-1__no_augmentation.pth,no_augmentation,train,102,0.09805957172322798,0.9637161051432296,2021-08-02 16:40:06.494348
OCDC__Size-640x640_Epoch-102_Images-840_Batch-1__no_augmentation.pth,no_augmentation,test,102,0.21602562064710784,0.9182925618489584,2021-08-02 16:40:06.494406
OCDC__Size-640x640_Epoch-103_Images-840_Batch-1__no_augmentation.pth,no_augmentation,train,103,0.1079606849651836,0.9592609252929698,2021-08-02 16:57:04.888796
OCDC__Size-640x640_Epoch-103_Images-840_Batch-1__no_augmentation.pth,no_augmentation,test,103,0.21570483201123555,0.9194298773871526,2021-08-02 16:57:04.888836
OCDC__Size-640x640_Epoch-104_Images-840_Batch-1__no_augmentation.pth,no_augmentation,train,104,0.101034576581337,0.9618961675734751,2021-08-02 17:14:03.274995
OCDC__Size-640x640_Epoch-104_Images-840_Batch-1__no_augmentation.pth,no_augmentation,test,104,0.24612192847610762,0.9098285861545141,2021-08-02 17:14:03.275050
OCDC__Size-640x640_Epoch-105_Images-840_Batch-1__no_augmentation.pth,no_augmentation,train,105,0.09936859199644806,0.9623610810779397,2021-08-02 17:31:01.770202
OCDC__Size-640x640_Epoch-105_Images-840_Batch-1__no_augmentation.pth,no_augmentation,test,105,0.24125326782646475,0.9214976264105899,2021-08-02 17:31:01.770230
OCDC__Size-640x640_Epoch-106_Images-840_Batch-1__no_augmentation.pth,no_augmentation,train,106,0.1216095002459735,0.9528489554268964,2021-08-02 17:48:01.349406
OCDC__Size-640x640_Epoch-106_Images-840_Batch-1__no_augmentation.pth,no_augmentation,test,106,0.3002730975023345,0.8926746419270833,2021-08-02 17:48:01.349461
OCDC__Size-640x640_Epoch-107_Images-840_Batch-1__no_augmentation.pth,no_augmentation,train,107,0.10775658369148004,0.9587310791015621,2021-08-02 18:05:00.783951
OCDC__Size-640x640_Epoch-107_Images-840_Batch-1__no_augmentation.pth,no_augmentation,test,107,0.17808075984341687,0.9290617404513892,2021-08-02 18:05:00.783978
OCDC__Size-640x640_Epoch-108_Images-840_Batch-1__no_augmentation.pth,no_augmentation,train,108,0.1039827004458987,0.9604290364583328,2021-08-02 18:21:59.549398
OCDC__Size-640x640_Epoch-108_Images-840_Batch-1__no_augmentation.pth,no_augmentation,test,108,0.18654431147537656,0.9297693684895836,2021-08-02 18:21:59.549424
OCDC__Size-640x640_Epoch-109_Images-840_Batch-1__no_augmentation.pth,no_augmentation,train,109,0.0937271459069182,0.964616420200892,2021-08-02 18:38:58.017172
OCDC__Size-640x640_Epoch-109_Images-840_Batch-1__no_augmentation.pth,no_augmentation,test,109,0.2286351449144503,0.9139819064670139,2021-08-02 18:38:58.017199
OCDC__Size-640x640_Epoch-110_Images-840_Batch-1__no_augmentation.pth,no_augmentation,train,110,0.09282974018270103,0.9652057931082593,2021-08-02 18:55:56.360038
OCDC__Size-640x640_Epoch-110_Images-840_Batch-1__no_augmentation.pth,no_augmentation,test,110,0.21765678806750657,0.9234047580295138,2021-08-02 18:55:56.360068
OCDC__Size-640x640_Epoch-111_Images-840_Batch-1__no_augmentation.pth,no_augmentation,train,111,0.09206524296615888,0.9649937744140621,2021-08-02 19:12:55.637646
OCDC__Size-640x640_Epoch-111_Images-840_Batch-1__no_augmentation.pth,no_augmentation,test,111,0.21637233955453766,0.9279223632812501,2021-08-02 19:12:55.637689
OCDC__Size-640x640_Epoch-112_Images-840_Batch-1__no_augmentation.pth,no_augmentation,train,112,0.09525303469334045,0.9639765973772322,2021-08-02 19:29:54.392243
OCDC__Size-640x640_Epoch-112_Images-840_Batch-1__no_augmentation.pth,no_augmentation,test,112,0.20665029082394742,0.92265631781684,2021-08-02 19:29:54.392273
OCDC__Size-640x640_Epoch-113_Images-840_Batch-1__no_augmentation.pth,no_augmentation,train,113,0.08329000389318199,0.9681286214192704,2021-08-02 19:46:56.835205
OCDC__Size-640x640_Epoch-113_Images-840_Batch-1__no_augmentation.pth,no_augmentation,test,113,0.22399080756623435,0.9220242241753472,2021-08-02 19:46:56.835248
OCDC__Size-640x640_Epoch-114_Images-840_Batch-1__no_augmentation.pth,no_augmentation,train,114,0.08176719649218502,0.9687805669875376,2021-08-02 20:03:55.342499
OCDC__Size-640x640_Epoch-114_Images-840_Batch-1__no_augmentation.pth,no_augmentation,test,114,0.2076656376418517,0.9256073947482639,2021-08-02 20:03:55.342524
OCDC__Size-640x640_Epoch-115_Images-840_Batch-1__no_augmentation.pth,no_augmentation,train,115,0.09399240312024869,0.9634992152622772,2021-08-02 20:20:54.110418
OCDC__Size-640x640_Epoch-115_Images-840_Batch-1__no_augmentation.pth,no_augmentation,test,115,0.17810405542458183,0.931967108832465,2021-08-02 20:20:54.110446
OCDC__Size-640x640_Epoch-116_Images-840_Batch-1__no_augmentation.pth,no_augmentation,train,116,0.09790039669338035,0.9621095929827012,2021-08-02 20:37:52.714346
OCDC__Size-640x640_Epoch-116_Images-840_Batch-1__no_augmentation.pth,no_augmentation,test,116,0.27966658131596583,0.9085560302734375,2021-08-02 20:37:52.714415
OCDC__Size-640x640_Epoch-117_Images-840_Batch-1__no_augmentation.pth,no_augmentation,train,117,0.08756154607743134,0.9666761503673736,2021-08-02 20:54:51.795869
OCDC__Size-640x640_Epoch-117_Images-840_Batch-1__no_augmentation.pth,no_augmentation,test,117,0.2000381113838456,0.9286111111111108,2021-08-02 20:54:51.795934
OCDC__Size-640x640_Epoch-118_Images-840_Batch-1__no_augmentation.pth,no_augmentation,train,118,0.08207543160849148,0.968702671595982,2021-08-02 21:11:50.655812
OCDC__Size-640x640_Epoch-118_Images-840_Batch-1__no_augmentation.pth,no_augmentation,test,118,0.22059314035185607,0.923498277452257,2021-08-02 21:11:50.655844
OCDC__Size-640x640_Epoch-119_Images-840_Batch-1__no_augmentation.pth,no_augmentation,train,119,0.0837902956110795,0.9679043143136152,2021-08-02 21:28:49.217056
OCDC__Size-640x640_Epoch-119_Images-840_Batch-1__no_augmentation.pth,no_augmentation,test,119,0.20609308028059686,0.930754299587674,2021-08-02 21:28:49.217112
OCDC__Size-640x640_Epoch-120_Images-840_Batch-1__no_augmentation.pth,no_augmentation,train,120,0.08102671831391522,0.9688691173735124,2021-08-02 21:45:48.216179
OCDC__Size-640x640_Epoch-120_Images-840_Batch-1__no_augmentation.pth,no_augmentation,test,120,0.22695041843291316,0.9204376220703125,2021-08-02 21:45:48.216237
OCDC__Size-640x640_Epoch-121_Images-840_Batch-1__no_augmentation.pth,no_augmentation,train,121,0.10395725399422039,0.9603844953264502,2021-08-02 22:02:47.522436
OCDC__Size-640x640_Epoch-121_Images-840_Batch-1__no_augmentation.pth,no_augmentation,test,121,0.1933780033428674,0.9312557373046878,2021-08-02 22:02:47.522463
OCDC__Size-640x640_Epoch-122_Images-840_Batch-1__no_augmentation.pth,no_augmentation,train,122,0.08268953433584253,0.9679319777715778,2021-08-02 22:19:46.161164
OCDC__Size-640x640_Epoch-122_Images-840_Batch-1__no_augmentation.pth,no_augmentation,test,122,0.19520190291957534,0.9349851752387153,2021-08-02 22:19:46.161223
OCDC__Size-640x640_Epoch-123_Images-840_Batch-1__no_augmentation.pth,no_augmentation,train,123,0.07745471411061652,0.9703541550409215,2021-08-02 22:36:46.024826
OCDC__Size-640x640_Epoch-123_Images-840_Batch-1__no_augmentation.pth,no_augmentation,test,123,0.18859848449511546,0.9366875813802087,2021-08-02 22:36:46.024880
OCDC__Size-640x640_Epoch-124_Images-840_Batch-1__no_augmentation.pth,no_augmentation,train,124,0.0864185332403113,0.9675899222237727,2021-08-02 22:53:44.534849
OCDC__Size-640x640_Epoch-124_Images-840_Batch-1__no_augmentation.pth,no_augmentation,test,124,0.23952690526056764,0.922475599500868,2021-08-02 22:53:44.534892
OCDC__Size-640x640_Epoch-125_Images-840_Batch-1__no_augmentation.pth,no_augmentation,train,125,0.08607659954310358,0.9664638235909591,2021-08-02 23:10:43.193852
OCDC__Size-640x640_Epoch-125_Images-840_Batch-1__no_augmentation.pth,no_augmentation,test,125,0.21662412447323934,0.9264675428602432,2021-08-02 23:10:43.193878
OCDC__Size-640x640_Epoch-126_Images-840_Batch-1__no_augmentation.pth,no_augmentation,train,126,0.07380100314091817,0.9718473917643229,2021-08-02 23:27:42.336573
OCDC__Size-640x640_Epoch-126_Images-840_Batch-1__no_augmentation.pth,no_augmentation,test,126,0.2504799081901663,0.9251059163411459,2021-08-02 23:27:42.336601
OCDC__Size-640x640_Epoch-127_Images-840_Batch-1__no_augmentation.pth,no_augmentation,train,127,0.07168103643675479,0.9725234578450525,2021-08-02 23:44:40.964006
OCDC__Size-640x640_Epoch-127_Images-840_Batch-1__no_augmentation.pth,no_augmentation,test,127,0.21505206026565954,0.9292258165147571,2021-08-02 23:44:40.964033
OCDC__Size-640x640_Epoch-128_Images-840_Batch-1__no_augmentation.pth,no_augmentation,train,128,0.0843280011592924,0.9673293631417414,2021-08-03 00:01:39.618864
OCDC__Size-640x640_Epoch-128_Images-840_Batch-1__no_augmentation.pth,no_augmentation,test,128,0.21755345102822807,0.9288405083550346,2021-08-03 00:01:39.618907
OCDC__Size-640x640_Epoch-129_Images-840_Batch-1__no_augmentation.pth,no_augmentation,train,129,0.0743631738867591,0.9714207066127226,2021-08-03 00:18:37.871065
OCDC__Size-640x640_Epoch-129_Images-840_Batch-1__no_augmentation.pth,no_augmentation,test,129,0.1941358669018579,0.9285090332031247,2021-08-03 00:18:37.871109
OCDC__Size-640x640_Epoch-130_Images-840_Batch-1__no_augmentation.pth,no_augmentation,train,130,0.07921166355329572,0.9693529982793899,2021-08-03 00:35:36.275119
OCDC__Size-640x640_Epoch-130_Images-840_Batch-1__no_augmentation.pth,no_augmentation,test,130,0.2513410661508816,0.9234776475694444,2021-08-03 00:35:36.275148
OCDC__Size-640x640_Epoch-131_Images-840_Batch-1__no_augmentation.pth,no_augmentation,train,131,0.07156789445166531,0.9725015084402892,2021-08-03 00:52:34.860610
OCDC__Size-640x640_Epoch-131_Images-840_Batch-1__no_augmentation.pth,no_augmentation,test,131,0.18939629673243796,0.9275001085069443,2021-08-03 00:52:34.860654
OCDC__Size-640x640_Epoch-132_Images-840_Batch-1__no_augmentation.pth,no_augmentation,train,132,0.06818293152201813,0.9741084478469111,2021-08-03 01:09:33.566115
OCDC__Size-640x640_Epoch-132_Images-840_Batch-1__no_augmentation.pth,no_augmentation,test,132,0.21111747856521548,0.9231752115885415,2021-08-03 01:09:33.566143
OCDC__Size-640x640_Epoch-133_Images-840_Batch-1__no_augmentation.pth,no_augmentation,train,133,0.07211572607275121,0.9721383783249627,2021-08-03 01:26:32.092191
OCDC__Size-640x640_Epoch-133_Images-840_Batch-1__no_augmentation.pth,no_augmentation,test,133,0.2069975137930745,0.9257116021050348,2021-08-03 01:26:32.092229
OCDC__Size-640x640_Epoch-134_Images-840_Batch-1__no_augmentation.pth,no_augmentation,train,134,0.07219760569700985,0.9727503138950897,2021-08-03 01:43:30.639043
OCDC__Size-640x640_Epoch-134_Images-840_Batch-1__no_augmentation.pth,no_augmentation,test,134,0.24618390375968854,0.9247486029730904,2021-08-03 01:43:30.639091
OCDC__Size-640x640_Epoch-135_Images-840_Batch-1__no_augmentation.pth,no_augmentation,train,135,0.06856172880597808,0.9734910627092634,2021-08-03 02:00:29.244937
OCDC__Size-640x640_Epoch-135_Images-840_Batch-1__no_augmentation.pth,no_augmentation,test,135,0.203042678852853,0.9310478379991319,2021-08-03 02:00:29.244979
OCDC__Size-640x640_Epoch-136_Images-840_Batch-1__no_augmentation.pth,no_augmentation,train,136,0.06466982792952758,0.9749677414667033,2021-08-03 02:17:27.748640
OCDC__Size-640x640_Epoch-136_Images-840_Batch-1__no_augmentation.pth,no_augmentation,test,136,0.20265089448324336,0.9321108398437498,2021-08-03 02:17:27.748666
OCDC__Size-640x640_Epoch-137_Images-840_Batch-1__no_augmentation.pth,no_augmentation,train,137,0.06299871256933681,0.9756779378255206,2021-08-03 02:34:26.131587
OCDC__Size-640x640_Epoch-137_Images-840_Batch-1__no_augmentation.pth,no_augmentation,test,137,0.1959670582784674,0.9360766194661461,2021-08-03 02:34:26.131645
OCDC__Size-640x640_Epoch-138_Images-840_Batch-1__no_augmentation.pth,no_augmentation,train,138,0.09788644684474548,0.9645486711774556,2021-08-03 02:51:26.000274
OCDC__Size-640x640_Epoch-138_Images-840_Batch-1__no_augmentation.pth,no_augmentation,test,138,0.2977643987701615,0.895586588541666,2021-08-03 02:51:26.000329
OCDC__Size-640x640_Epoch-139_Images-840_Batch-1__no_augmentation.pth,no_augmentation,train,139,0.08020365070087412,0.9696360415504102,2021-08-03 03:08:25.678202
OCDC__Size-640x640_Epoch-139_Images-840_Batch-1__no_augmentation.pth,no_augmentation,test,139,0.18827097453570837,0.9356759711371528,2021-08-03 03:08:25.678242
OCDC__Size-640x640_Epoch-140_Images-840_Batch-1__no_augmentation.pth,no_augmentation,train,140,0.06332890715550385,0.9759224068777899,2021-08-03 03:25:24.341470
OCDC__Size-640x640_Epoch-140_Images-840_Batch-1__no_augmentation.pth,no_augmentation,test,140,0.19337604067319236,0.9394659695095485,2021-08-03 03:25:24.341524
OCDC__Size-640x640_Epoch-141_Images-840_Batch-1__no_augmentation.pth,no_augmentation,train,141,0.05974139614130482,0.9773063993908101,2021-08-03 03:42:22.851058
OCDC__Size-640x640_Epoch-141_Images-840_Batch-1__no_augmentation.pth,no_augmentation,test,141,0.21316862317503366,0.9343065456814231,2021-08-03 03:42:22.851116
OCDC__Size-640x640_Epoch-142_Images-840_Batch-1__no_augmentation.pth,no_augmentation,train,142,0.06068891522037266,0.9767523949032734,2021-08-03 03:59:21.398965
OCDC__Size-640x640_Epoch-142_Images-840_Batch-1__no_augmentation.pth,no_augmentation,test,142,0.2214276404690256,0.9338391520182292,2021-08-03 03:59:21.399014
OCDC__Size-640x640_Epoch-143_Images-840_Batch-1__no_augmentation.pth,no_augmentation,train,143,0.06015568988374352,0.9768403494698663,2021-08-03 04:16:19.886872
OCDC__Size-640x640_Epoch-143_Images-840_Batch-1__no_augmentation.pth,no_augmentation,test,143,0.2693589247709528,0.9241138373480902,2021-08-03 04:16:19.886901
OCDC__Size-640x640_Epoch-144_Images-840_Batch-1__no_augmentation.pth,no_augmentation,train,144,0.06398454887224891,0.9753141799200137,2021-08-03 04:33:18.566595
OCDC__Size-640x640_Epoch-144_Images-840_Batch-1__no_augmentation.pth,no_augmentation,test,144,0.3922747548547008,0.8945753038194444,2021-08-03 04:33:18.566651
OCDC__Size-640x640_Epoch-145_Images-840_Batch-1__no_augmentation.pth,no_augmentation,train,145,0.09803294019087562,0.9620558151971728,2021-08-03 04:50:17.058301
OCDC__Size-640x640_Epoch-145_Images-840_Batch-1__no_augmentation.pth,no_augmentation,test,145,0.19159263074960664,0.9327534586588544,2021-08-03 04:50:17.058332
OCDC__Size-640x640_Epoch-146_Images-840_Batch-1__no_augmentation.pth,no_augmentation,train,146,0.05856830657319495,0.977737679617745,2021-08-03 05:07:16.635739
OCDC__Size-640x640_Epoch-146_Images-840_Batch-1__no_augmentation.pth,no_augmentation,test,146,0.19049876950212558,0.9319558241102429,2021-08-03 05:07:16.635806
OCDC__Size-640x640_Epoch-147_Images-840_Batch-1__no_augmentation.pth,no_augmentation,train,147,0.0569054596067049,0.9781625133696052,2021-08-03 05:24:16.128942
OCDC__Size-640x640_Epoch-147_Images-840_Batch-1__no_augmentation.pth,no_augmentation,test,147,0.2270890551803545,0.9342527126736115,2021-08-03 05:24:16.128971
OCDC__Size-640x640_Epoch-148_Images-840_Batch-1__no_augmentation.pth,no_augmentation,train,148,0.06648614042097503,0.9747608642578126,2021-08-03 05:41:15.684065
OCDC__Size-640x640_Epoch-148_Images-840_Batch-1__no_augmentation.pth,no_augmentation,test,148,0.22685094622514473,0.9328387451171875,2021-08-03 05:41:15.684093
OCDC__Size-640x640_Epoch-149_Images-840_Batch-1__no_augmentation.pth,no_augmentation,train,149,0.05496487659661357,0.9791146879650293,2021-08-03 05:58:14.907316
OCDC__Size-640x640_Epoch-149_Images-840_Batch-1__no_augmentation.pth,no_augmentation,test,149,0.25451156088858856,0.9269550509982639,2021-08-03 05:58:14.907373
OCDC__Size-640x640_Epoch-150_Images-840_Batch-1__no_augmentation.pth,no_augmentation,train,150,0.05166297030088093,0.9801575113932288,2021-08-03 06:15:13.396102
OCDC__Size-640x640_Epoch-150_Images-840_Batch-1__no_augmentation.pth,no_augmentation,test,150,0.2882807755895183,0.9244317762586807,2021-08-03 06:15:13.396146
OCDC__Size-640x640_Epoch-151_Images-840_Batch-1__no_augmentation.pth,no_augmentation,train,151,0.05088069131391575,0.980573201497396,2021-08-03 06:32:11.832309
OCDC__Size-640x640_Epoch-151_Images-840_Batch-1__no_augmentation.pth,no_augmentation,test,151,0.23277376497986021,0.9270981852213542,2021-08-03 06:32:11.832336
OCDC__Size-640x640_Epoch-152_Images-840_Batch-1__no_augmentation.pth,no_augmentation,train,152,0.05287263320054079,0.979636683872768,2021-08-03 06:49:10.922677
OCDC__Size-640x640_Epoch-152_Images-840_Batch-1__no_augmentation.pth,no_augmentation,test,152,0.2019385627003304,0.9309975314670139,2021-08-03 06:49:10.922738
OCDC__Size-640x640_Epoch-153_Images-840_Batch-1__no_augmentation.pth,no_augmentation,train,153,0.06524639763941589,0.9752530401320691,2021-08-03 07:06:09.965125
OCDC__Size-640x640_Epoch-153_Images-840_Batch-1__no_augmentation.pth,no_augmentation,test,153,0.2657208492289208,0.918759372287327,2021-08-03 07:06:09.965179
OCDC__Size-640x640_Epoch-154_Images-840_Batch-1__no_augmentation.pth,no_augmentation,train,154,0.06814550766575632,0.9737879464285711,2021-08-03 07:23:06.859895
OCDC__Size-640x640_Epoch-154_Images-840_Batch-1__no_augmentation.pth,no_augmentation,test,154,0.19444523119994478,0.9354359537760418,2021-08-03 07:23:06.859923
OCDC__Size-640x640_Epoch-155_Images-840_Batch-1__no_augmentation.pth,no_augmentation,train,155,0.055901067475182184,0.9786352800641749,2021-08-03 07:40:03.814240
OCDC__Size-640x640_Epoch-155_Images-840_Batch-1__no_augmentation.pth,no_augmentation,test,155,0.2088532401858035,0.9289857313368062,2021-08-03 07:40:03.814285
OCDC__Size-640x640_Epoch-156_Images-840_Batch-1__no_augmentation.pth,no_augmentation,train,156,0.04975851181576648,0.980984720865886,2021-08-03 07:57:01.009527
OCDC__Size-640x640_Epoch-156_Images-840_Batch-1__no_augmentation.pth,no_augmentation,test,156,0.2915001760575142,0.9283619927300347,2021-08-03 07:57:01.009555
OCDC__Size-640x640_Epoch-157_Images-840_Batch-1__no_augmentation.pth,no_augmentation,train,157,0.04722554182736582,0.982021557035901,2021-08-03 08:13:58.214401
OCDC__Size-640x640_Epoch-157_Images-840_Batch-1__no_augmentation.pth,no_augmentation,test,157,0.25981354784917826,0.9248981391059027,2021-08-03 08:13:58.214443
OCDC__Size-640x640_Epoch-158_Images-840_Batch-1__no_augmentation.pth,no_augmentation,train,158,0.04510630099629861,0.9827408912295396,2021-08-03 08:30:55.296410
OCDC__Size-640x640_Epoch-158_Images-840_Batch-1__no_augmentation.pth,no_augmentation,test,158,0.22404786258291962,0.9351823187934026,2021-08-03 08:30:55.296436
OCDC__Size-640x640_Epoch-159_Images-840_Batch-1__no_augmentation.pth,no_augmentation,train,159,0.050447983832533384,0.9805196358816968,2021-08-03 08:47:52.426123
OCDC__Size-640x640_Epoch-159_Images-840_Batch-1__no_augmentation.pth,no_augmentation,test,159,0.21080559384222777,0.9323274739583338,2021-08-03 08:47:52.426192
OCDC__Size-640x640_Epoch-160_Images-840_Batch-1__no_augmentation.pth,no_augmentation,train,160,0.057942288828588824,0.9781680007207955,2021-08-03 09:04:49.416903
OCDC__Size-640x640_Epoch-160_Images-840_Batch-1__no_augmentation.pth,no_augmentation,test,160,0.6872066675719155,0.8694801161024306,2021-08-03 09:04:49.416959
OCDC__Size-640x640_Epoch-161_Images-840_Batch-1__no_augmentation.pth,no_augmentation,train,161,0.10940373341475029,0.9581667742047985,2021-08-03 09:21:46.599410
OCDC__Size-640x640_Epoch-161_Images-840_Batch-1__no_augmentation.pth,no_augmentation,test,161,0.25798749056997267,0.9266262071397571,2021-08-03 09:21:46.599437
OCDC__Size-640x640_Epoch-162_Images-840_Batch-1__no_augmentation.pth,no_augmentation,train,162,0.05559184809560466,0.9789413684663315,2021-08-03 09:38:43.400928
OCDC__Size-640x640_Epoch-162_Images-840_Batch-1__no_augmentation.pth,no_augmentation,test,162,0.193464110392139,0.9335047471788195,2021-08-03 09:38:43.400990
OCDC__Size-640x640_Epoch-163_Images-840_Batch-1__no_augmentation.pth,no_augmentation,train,163,0.04458350476893253,0.9830522693452378,2021-08-03 09:55:40.415594
OCDC__Size-640x640_Epoch-163_Images-840_Batch-1__no_augmentation.pth,no_augmentation,test,163,0.20042242604893026,0.9357140028211803,2021-08-03 09:55:40.415636
OCDC__Size-640x640_Epoch-164_Images-840_Batch-1__no_augmentation.pth,no_augmentation,train,164,0.04161882581538642,0.9840550856817336,2021-08-03 10:12:37.836644
OCDC__Size-640x640_Epoch-164_Images-840_Batch-1__no_augmentation.pth,no_augmentation,test,164,0.20496251429165618,0.9342824028862852,2021-08-03 10:12:37.836700
OCDC__Size-640x640_Epoch-165_Images-840_Batch-1__no_augmentation.pth,no_augmentation,train,165,0.045759969053685366,0.9822434837704611,2021-08-03 10:29:34.948618
OCDC__Size-640x640_Epoch-165_Images-840_Batch-1__no_augmentation.pth,no_augmentation,test,165,0.3806507104597988,0.9107451036241321,2021-08-03 10:29:34.948663
OCDC__Size-640x640_Epoch-166_Images-840_Batch-1__no_augmentation.pth,no_augmentation,train,166,0.04938590880594139,0.9811710902622769,2021-08-03 10:46:32.179686
OCDC__Size-640x640_Epoch-166_Images-840_Batch-1__no_augmentation.pth,no_augmentation,test,166,0.21827253823899154,0.9328749050564238,2021-08-03 10:46:32.179731
OCDC__Size-640x640_Epoch-167_Images-840_Batch-1__no_augmentation.pth,no_augmentation,train,167,0.04512184656667219,0.982701764787945,2021-08-03 11:03:28.968785
OCDC__Size-640x640_Epoch-167_Images-840_Batch-1__no_augmentation.pth,no_augmentation,test,167,0.21506010144438947,0.9294081217447913,2021-08-03 11:03:28.968825
OCDC__Size-640x640_Epoch-168_Images-840_Batch-1__no_augmentation.pth,no_augmentation,train,168,0.05082723717027144,0.9805113380068832,2021-08-03 11:20:26.090441
OCDC__Size-640x640_Epoch-168_Images-840_Batch-1__no_augmentation.pth,no_augmentation,test,168,0.2589905749732648,0.9279675971137153,2021-08-03 11:20:26.090500
OCDC__Size-640x640_Epoch-169_Images-840_Batch-1__no_augmentation.pth,no_augmentation,train,169,0.0535690338916484,0.979843956356957,2021-08-03 11:37:24.630109
OCDC__Size-640x640_Epoch-169_Images-840_Batch-1__no_augmentation.pth,no_augmentation,test,169,0.306899245861317,0.9156437445746529,2021-08-03 11:37:24.630160
OCDC__Size-640x640_Epoch-170_Images-840_Batch-1__no_augmentation.pth,no_augmentation,train,170,0.04973105545960347,0.9809516194661466,2021-08-03 11:54:21.813443
OCDC__Size-640x640_Epoch-170_Images-840_Batch-1__no_augmentation.pth,no_augmentation,test,170,0.30101309860722963,0.9222682427300346,2021-08-03 11:54:21.813497
OCDC__Size-640x640_Epoch-171_Images-840_Batch-1__no_augmentation.pth,no_augmentation,train,171,0.041944383679364705,0.9839945010230653,2021-08-03 12:11:18.855262
OCDC__Size-640x640_Epoch-171_Images-840_Batch-1__no_augmentation.pth,no_augmentation,test,171,0.2363017633550972,0.9335153130425348,2021-08-03 12:11:18.855304
OCDC__Size-640x640_Epoch-172_Images-840_Batch-1__no_augmentation.pth,no_augmentation,train,172,0.03797932336437898,0.9854969337100076,2021-08-03 12:28:15.738480
OCDC__Size-640x640_Epoch-172_Images-840_Batch-1__no_augmentation.pth,no_augmentation,test,172,0.22126529784856516,0.9361089816623265,2021-08-03 12:28:15.738533
OCDC__Size-640x640_Epoch-173_Images-840_Batch-1__no_augmentation.pth,no_augmentation,train,173,0.04050218616875914,0.9843601248604913,2021-08-03 12:45:13.195568
OCDC__Size-640x640_Epoch-173_Images-840_Batch-1__no_augmentation.pth,no_augmentation,test,173,0.42979806850880775,0.9147794867621529,2021-08-03 12:45:13.195610
OCDC__Size-640x640_Epoch-174_Images-840_Batch-1__no_augmentation.pth,no_augmentation,train,174,0.05111980377557317,0.9801645304361976,2021-08-03 13:02:10.286388
OCDC__Size-640x640_Epoch-174_Images-840_Batch-1__no_augmentation.pth,no_augmentation,test,174,0.2296001119064676,0.9277553982204862,2021-08-03 13:02:10.286437
OCDC__Size-640x640_Epoch-175_Images-840_Batch-1__no_augmentation.pth,no_augmentation,train,175,0.04109751334888147,0.984093241373698,2021-08-03 13:19:07.562380
OCDC__Size-640x640_Epoch-175_Images-840_Batch-1__no_augmentation.pth,no_augmentation,test,175,0.2622607471600863,0.9302289496527774,2021-08-03 13:19:07.562411
OCDC__Size-640x640_Epoch-176_Images-840_Batch-1__no_augmentation.pth,no_augmentation,train,176,0.03908422639431394,0.9849636375790548,2021-08-03 13:36:05.102814
OCDC__Size-640x640_Epoch-176_Images-840_Batch-1__no_augmentation.pth,no_augmentation,test,176,0.24752716807437278,0.9296541341145834,2021-08-03 13:36:05.102844
OCDC__Size-640x640_Epoch-177_Images-840_Batch-1__no_augmentation.pth,no_augmentation,train,177,0.03797281314717184,0.9853512427920387,2021-08-03 13:53:02.270918
OCDC__Size-640x640_Epoch-177_Images-840_Batch-1__no_augmentation.pth,no_augmentation,test,177,0.24479214126030166,0.9292840033637151,2021-08-03 13:53:02.270959
OCDC__Size-640x640_Epoch-178_Images-840_Batch-1__no_augmentation.pth,no_augmentation,train,178,0.03877356705487832,0.9849816255115323,2021-08-03 14:09:59.482068
OCDC__Size-640x640_Epoch-178_Images-840_Batch-1__no_augmentation.pth,no_augmentation,test,178,0.2293036440333411,0.9340913357204863,2021-08-03 14:09:59.482123
OCDC__Size-640x640_Epoch-179_Images-840_Batch-1__no_augmentation.pth,no_augmentation,train,179,0.048327254527715774,0.9821790945870543,2021-08-03 14:26:56.579885
OCDC__Size-640x640_Epoch-179_Images-840_Batch-1__no_augmentation.pth,no_augmentation,test,179,0.530889625174277,0.8898119710286457,2021-08-03 14:26:56.579942
OCDC__Size-640x640_Epoch-180_Images-840_Batch-1__no_augmentation.pth,no_augmentation,train,180,0.08093971730911183,0.969721208844865,2021-08-03 14:43:53.727409
OCDC__Size-640x640_Epoch-180_Images-840_Batch-1__no_augmentation.pth,no_augmentation,test,180,0.2170227207558633,0.9333830159505209,2021-08-03 14:43:53.727452
OCDC__Size-640x640_Epoch-181_Images-840_Batch-1__no_augmentation.pth,no_augmentation,train,181,0.04223331152352763,0.983976789202009,2021-08-03 15:00:51.195655
OCDC__Size-640x640_Epoch-181_Images-840_Batch-1__no_augmentation.pth,no_augmentation,test,181,0.22447584232365078,0.9340502658420141,2021-08-03 15:00:51.195690
OCDC__Size-640x640_Epoch-182_Images-840_Batch-1__no_augmentation.pth,no_augmentation,train,182,0.03588556296054171,0.9862516421363465,2021-08-03 15:17:49.292203
OCDC__Size-640x640_Epoch-182_Images-840_Batch-1__no_augmentation.pth,no_augmentation,test,182,0.2284523153611341,0.9355307210286457,2021-08-03 15:17:49.292234
OCDC__Size-640x640_Epoch-183_Images-840_Batch-1__no_augmentation.pth,no_augmentation,train,183,0.03450495709239462,0.9867036568777904,2021-08-03 15:34:46.426912
OCDC__Size-640x640_Epoch-183_Images-840_Batch-1__no_augmentation.pth,no_augmentation,test,183,0.23467060916199248,0.9356048719618055,2021-08-03 15:34:46.426955
OCDC__Size-640x640_Epoch-184_Images-840_Batch-1__no_augmentation.pth,no_augmentation,train,184,0.03440267497217403,0.986640189034598,2021-08-03 15:51:43.571364
OCDC__Size-640x640_Epoch-184_Images-840_Batch-1__no_augmentation.pth,no_augmentation,test,184,0.24882683443906203,0.9373166368272573,2021-08-03 15:51:43.571392
OCDC__Size-640x640_Epoch-185_Images-840_Batch-1__no_augmentation.pth,no_augmentation,train,185,0.04375925517804489,0.984299066452753,2021-08-03 16:08:45.239010
OCDC__Size-640x640_Epoch-185_Images-840_Batch-1__no_augmentation.pth,no_augmentation,test,185,0.3700273484096821,0.902275499131944,2021-08-03 16:08:45.239052
OCDC__Size-640x640_Epoch-186_Images-840_Batch-1__no_augmentation.pth,no_augmentation,train,186,0.0431477385380595,0.9834188406808039,2021-08-03 16:25:44.667473
OCDC__Size-640x640_Epoch-186_Images-840_Batch-1__no_augmentation.pth,no_augmentation,test,186,0.3011947942765599,0.9248321126302081,2021-08-03 16:25:44.667515
OCDC__Size-640x640_Epoch-187_Images-840_Batch-1__no_augmentation.pth,no_augmentation,train,187,0.03597255080983968,0.9861021496000744,2021-08-03 16:42:42.783523
OCDC__Size-640x640_Epoch-187_Images-840_Batch-1__no_augmentation.pth,no_augmentation,test,187,0.26362198699138983,0.930263224283854,2021-08-03 16:42:42.783564
OCDC__Size-640x640_Epoch-188_Images-840_Batch-1__no_augmentation.pth,no_augmentation,train,188,0.03575653516527327,0.986224353608631,2021-08-03 16:59:40.163041
OCDC__Size-640x640_Epoch-188_Images-840_Batch-1__no_augmentation.pth,no_augmentation,test,188,0.2783856144841107,0.9300246310763893,2021-08-03 16:59:40.163069
OCDC__Size-640x640_Epoch-189_Images-840_Batch-1__no_augmentation.pth,no_augmentation,train,189,0.03318559983270074,0.9871667451404393,2021-08-03 17:16:37.291707
OCDC__Size-640x640_Epoch-189_Images-840_Batch-1__no_augmentation.pth,no_augmentation,test,189,0.24001956525138377,0.9314569498697921,2021-08-03 17:16:37.291734
OCDC__Size-640x640_Epoch-190_Images-840_Batch-1__no_augmentation.pth,no_augmentation,train,190,0.04129737986836605,0.9842752453031999,2021-08-03 17:33:35.245659
OCDC__Size-640x640_Epoch-190_Images-840_Batch-1__no_augmentation.pth,no_augmentation,test,190,0.596231482135387,0.872619344075521,2021-08-03 17:33:35.245687
OCDC__Size-640x640_Epoch-191_Images-840_Batch-1__no_augmentation.pth,no_augmentation,train,191,0.05978642854565427,0.9771978149414063,2021-08-03 17:50:32.971909
OCDC__Size-640x640_Epoch-191_Images-840_Batch-1__no_augmentation.pth,no_augmentation,test,191,0.23935555434106986,0.9337186686197916,2021-08-03 17:50:32.971958
OCDC__Size-640x640_Epoch-192_Images-840_Batch-1__no_augmentation.pth,no_augmentation,train,192,0.036642417049012346,0.9859022449311748,2021-08-03 18:07:30.437255
OCDC__Size-640x640_Epoch-192_Images-840_Batch-1__no_augmentation.pth,no_augmentation,test,192,0.20502531220265893,0.9394672173394096,2021-08-03 18:07:30.437280
OCDC__Size-640x640_Epoch-193_Images-840_Batch-1__no_augmentation.pth,no_augmentation,train,193,0.030997812274080567,0.9880290498279387,2021-08-03 18:24:28.875015
OCDC__Size-640x640_Epoch-193_Images-840_Batch-1__no_augmentation.pth,no_augmentation,test,193,0.2283527925901096,0.9368756103515629,2021-08-03 18:24:28.875056
OCDC__Size-640x640_Epoch-194_Images-840_Batch-1__no_augmentation.pth,no_augmentation,train,194,0.03006835160084777,0.9883629237583704,2021-08-03 18:41:25.675653
OCDC__Size-640x640_Epoch-194_Images-840_Batch-1__no_augmentation.pth,no_augmentation,test,194,0.3293468235066098,0.9248886447482635,2021-08-03 18:41:25.675706
OCDC__Size-640x640_Epoch-195_Images-840_Batch-1__no_augmentation.pth,no_augmentation,train,195,0.03300136248556669,0.9871305193219863,2021-08-03 18:58:22.967239
OCDC__Size-640x640_Epoch-195_Images-840_Batch-1__no_augmentation.pth,no_augmentation,test,195,0.6259477868156592,0.8993165825737848,2021-08-03 18:58:22.967282
OCDC__Size-640x640_Epoch-196_Images-840_Batch-1__no_augmentation.pth,no_augmentation,train,196,0.0405602631153193,0.9843276425316223,2021-08-03 19:15:20.472652
OCDC__Size-640x640_Epoch-196_Images-840_Batch-1__no_augmentation.pth,no_augmentation,test,196,0.26976373025941,0.9249520263671877,2021-08-03 19:15:20.472737
OCDC__Size-640x640_Epoch-197_Images-840_Batch-1__no_augmentation.pth,no_augmentation,train,197,0.03308903898290327,0.9872566353934141,2021-08-03 19:32:20.313632
OCDC__Size-640x640_Epoch-197_Images-840_Batch-1__no_augmentation.pth,no_augmentation,test,197,0.24745608461462767,0.9417229546440973,2021-08-03 19:32:20.313715
OCDC__Size-640x640_Epoch-198_Images-840_Batch-1__no_augmentation.pth,no_augmentation,train,198,0.03080446295103099,0.9879867989676338,2021-08-03 19:49:19.215090
OCDC__Size-640x640_Epoch-198_Images-840_Batch-1__no_augmentation.pth,no_augmentation,test,198,0.26861272856693447,0.931846110026042,2021-08-03 19:49:19.215145
OCDC__Size-640x640_Epoch-199_Images-840_Batch-1__no_augmentation.pth,no_augmentation,train,199,0.031230356016716462,0.9878626999627974,2021-08-03 20:06:17.630308
OCDC__Size-640x640_Epoch-199_Images-840_Batch-1__no_augmentation.pth,no_augmentation,test,199,0.2418836380141796,0.9295154622395833,2021-08-03 20:06:17.630363
OCDC__Size-640x640_Epoch-200_Images-840_Batch-1__no_augmentation.pth,no_augmentation,train,200,0.03333627496021135,0.9869744669596358,2021-08-03 20:23:16.465210
OCDC__Size-640x640_Epoch-200_Images-840_Batch-1__no_augmentation.pth,no_augmentation,test,200,0.3905635214991697,0.9171619873046875,2021-08-03 20:23:16.465237
OCDC__Size-640x640_Epoch-201_Images-840_Batch-1__no_augmentation.pth,no_augmentation,train,201,0.034465055382925686,0.9865156337193078,2021-08-03 20:40:15.406980
OCDC__Size-640x640_Epoch-201_Images-840_Batch-1__no_augmentation.pth,no_augmentation,test,201,0.36551361196963356,0.9253195936414931,2021-08-03 20:40:15.407009
OCDC__Size-640x640_Epoch-202_Images-840_Batch-1__no_augmentation.pth,no_augmentation,train,202,0.03108202156785663,0.9878159819103425,2021-08-03 20:57:19.332405
OCDC__Size-640x640_Epoch-202_Images-840_Batch-1__no_augmentation.pth,no_augmentation,test,202,0.2601316752267546,0.9292456732855899,2021-08-03 20:57:19.332462
OCDC__Size-640x640_Epoch-203_Images-840_Batch-1__no_augmentation.pth,no_augmentation,train,203,0.030963878016792668,0.9879438505626859,2021-08-03 21:14:16.578532
OCDC__Size-640x640_Epoch-203_Images-840_Batch-1__no_augmentation.pth,no_augmentation,test,203,0.45136035679621234,0.9057800564236111,2021-08-03 21:14:16.578591
OCDC__Size-640x640_Epoch-204_Images-840_Batch-1__no_augmentation.pth,no_augmentation,train,204,0.034211851970806895,0.9865979817708329,2021-08-03 21:31:13.469640
OCDC__Size-640x640_Epoch-204_Images-840_Batch-1__no_augmentation.pth,no_augmentation,test,204,0.23929332290947689,0.9334681532118053,2021-08-03 21:31:13.469696
OCDC__Size-640x640_Epoch-205_Images-840_Batch-1__no_augmentation.pth,no_augmentation,train,205,0.03156889179933456,0.9877006254650297,2021-08-03 21:48:10.818523
OCDC__Size-640x640_Epoch-205_Images-840_Batch-1__no_augmentation.pth,no_augmentation,test,205,0.2571711739446057,0.9363578152126735,2021-08-03 21:48:10.818567
OCDC__Size-640x640_Epoch-206_Images-840_Batch-1__no_augmentation.pth,no_augmentation,train,206,0.029401888347716735,0.9885287969680061,2021-08-03 22:05:07.883000
OCDC__Size-640x640_Epoch-206_Images-840_Batch-1__no_augmentation.pth,no_augmentation,test,206,0.5055512969716505,0.9261394721137151,2021-08-03 22:05:07.883044
OCDC__Size-640x640_Epoch-207_Images-840_Batch-1__no_augmentation.pth,no_augmentation,train,207,0.029423013392200863,0.9885534667968746,2021-08-03 22:22:04.843134
OCDC__Size-640x640_Epoch-207_Images-840_Batch-1__no_augmentation.pth,no_augmentation,test,207,0.23794099187462273,0.9340015869140628,2021-08-03 22:22:04.843176
OCDC__Size-640x640_Epoch-208_Images-840_Batch-1__no_augmentation.pth,no_augmentation,train,208,0.030069984973520564,0.9882161690848211,2021-08-03 22:39:01.949851
OCDC__Size-640x640_Epoch-208_Images-840_Batch-1__no_augmentation.pth,no_augmentation,test,208,0.34082217135525794,0.9296365695529514,2021-08-03 22:39:01.949879
OCDC__Size-640x640_Epoch-209_Images-840_Batch-1__no_augmentation.pth,no_augmentation,train,209,0.045199500426993014,0.9848214779808405,2021-08-03 22:55:59.203503
OCDC__Size-640x640_Epoch-209_Images-840_Batch-1__no_augmentation.pth,no_augmentation,test,209,0.5585426016594962,0.8727665473090276,2021-08-03 22:55:59.203558
OCDC__Size-640x640_Epoch-210_Images-840_Batch-1__no_augmentation.pth,no_augmentation,train,210,0.03739571866467479,0.9856984601702012,2021-08-03 23:12:56.265200
OCDC__Size-640x640_Epoch-210_Images-840_Batch-1__no_augmentation.pth,no_augmentation,test,210,0.24484536256277106,0.9316411404079856,2021-08-03 23:12:56.265255
OCDC__Size-640x640_Epoch-211_Images-840_Batch-1__no_augmentation.pth,no_augmentation,train,211,0.028131453278352717,0.989061476934524,2021-08-03 23:29:53.340205
OCDC__Size-640x640_Epoch-211_Images-840_Batch-1__no_augmentation.pth,no_augmentation,test,211,0.2956619812857906,0.928719346788194,2021-08-03 23:29:53.340261
OCDC__Size-640x640_Epoch-212_Images-840_Batch-1__no_augmentation.pth,no_augmentation,train,212,0.025824595483301325,0.9898889189220607,2021-08-03 23:46:50.135347
OCDC__Size-640x640_Epoch-212_Images-840_Batch-1__no_augmentation.pth,no_augmentation,test,212,0.23999204699844898,0.9350457221137153,2021-08-03 23:46:50.135403
OCDC__Size-640x640_Epoch-213_Images-840_Batch-1__no_augmentation.pth,no_augmentation,train,213,0.025825076863871067,0.9898622639973961,2021-08-04 00:03:47.196363
OCDC__Size-640x640_Epoch-213_Images-840_Batch-1__no_augmentation.pth,no_augmentation,test,213,0.30423921536872395,0.9285514594184028,2021-08-04 00:03:47.196390
OCDC__Size-640x640_Epoch-214_Images-840_Batch-1__no_augmentation.pth,no_augmentation,train,214,0.030168221239170734,0.9882098156156991,2021-08-04 00:20:44.275751
OCDC__Size-640x640_Epoch-214_Images-840_Batch-1__no_augmentation.pth,no_augmentation,test,214,0.40688704579923446,0.9071232503255207,2021-08-04 00:20:44.275814
OCDC__Size-640x640_Epoch-215_Images-840_Batch-1__no_augmentation.pth,no_augmentation,train,215,0.03698558850823331,0.985736656552269,2021-08-04 00:37:41.420404
OCDC__Size-640x640_Epoch-215_Images-840_Batch-1__no_augmentation.pth,no_augmentation,test,215,0.7406097410788599,0.8665054931640626,2021-08-04 00:37:41.420457
OCDC__Size-640x640_Epoch-216_Images-840_Batch-1__no_augmentation.pth,no_augmentation,train,216,0.10466851892540105,0.9599154314313614,2021-08-04 00:54:38.449671
OCDC__Size-640x640_Epoch-216_Images-840_Batch-1__no_augmentation.pth,no_augmentation,test,216,0.16463462502976572,0.9356368272569444,2021-08-04 00:54:38.449729
OCDC__Size-640x640_Epoch-217_Images-840_Batch-1__no_augmentation.pth,no_augmentation,train,217,0.04069763497075065,0.984668765113468,2021-08-04 01:11:35.778412
OCDC__Size-640x640_Epoch-217_Images-840_Batch-1__no_augmentation.pth,no_augmentation,test,217,0.1833494067173253,0.9392774793836806,2021-08-04 01:11:35.778442
OCDC__Size-640x640_Epoch-218_Images-840_Batch-1__no_augmentation.pth,no_augmentation,train,218,0.03046601277050268,0.9881834397088917,2021-08-04 01:28:32.864739
OCDC__Size-640x640_Epoch-218_Images-840_Batch-1__no_augmentation.pth,no_augmentation,test,218,0.2038999433777936,0.9390096028645835,2021-08-04 01:28:32.864796
OCDC__Size-640x640_Epoch-219_Images-840_Batch-1__no_augmentation.pth,no_augmentation,train,219,0.025769210341036138,0.9899396507626481,2021-08-04 01:45:30.050152
OCDC__Size-640x640_Epoch-219_Images-840_Batch-1__no_augmentation.pth,no_augmentation,test,219,0.2570755018272317,0.9340767008463543,2021-08-04 01:45:30.050196
OCDC__Size-640x640_Epoch-220_Images-840_Batch-1__no_augmentation.pth,no_augmentation,train,220,0.02436909463954527,0.9903966587611605,2021-08-04 02:02:27.036685
OCDC__Size-640x640_Epoch-220_Images-840_Batch-1__no_augmentation.pth,no_augmentation,test,220,0.23334330550292534,0.9389128824869789,2021-08-04 02:02:27.036733
OCDC__Size-640x640_Epoch-221_Images-840_Batch-1__no_augmentation.pth,no_augmentation,train,221,0.024214479682134284,0.9904172857375375,2021-08-04 02:19:23.887367
OCDC__Size-640x640_Epoch-221_Images-840_Batch-1__no_augmentation.pth,no_augmentation,test,221,0.36360003743034575,0.9263036973741322,2021-08-04 02:19:23.887421
OCDC__Size-640x640_Epoch-222_Images-840_Batch-1__no_augmentation.pth,no_augmentation,train,222,0.028536031918057772,0.9887903645833331,2021-08-04 02:36:21.793751
OCDC__Size-640x640_Epoch-222_Images-840_Batch-1__no_augmentation.pth,no_augmentation,test,222,0.2240455155549676,0.9340110134548615,2021-08-04 02:36:21.793806
OCDC__Size-640x640_Epoch-223_Images-840_Batch-1__no_augmentation.pth,no_augmentation,train,223,0.033198756203829775,0.9872474452427454,2021-08-04 02:53:19.482735
OCDC__Size-640x640_Epoch-223_Images-840_Batch-1__no_augmentation.pth,no_augmentation,test,223,0.27294678997186583,0.9317214084201388,2021-08-04 02:53:19.482771
OCDC__Size-640x640_Epoch-224_Images-840_Batch-1__no_augmentation.pth,no_augmentation,train,224,0.02655075803841848,0.9895506562732519,2021-08-04 03:10:16.678966
OCDC__Size-640x640_Epoch-224_Images-840_Batch-1__no_augmentation.pth,no_augmentation,test,224,0.2700018130944363,0.9341307779947916,2021-08-04 03:10:16.678991
OCDC__Size-640x640_Epoch-225_Images-840_Batch-1__no_augmentation.pth,no_augmentation,train,225,0.024386329386887652,0.9903864281063991,2021-08-04 03:27:14.046666
OCDC__Size-640x640_Epoch-225_Images-840_Batch-1__no_augmentation.pth,no_augmentation,test,225,0.3419224141104847,0.9254948323567711,2021-08-04 03:27:14.046707
OCDC__Size-640x640_Epoch-226_Images-840_Batch-1__no_augmentation.pth,no_augmentation,train,226,0.024860530258595116,0.9901419067382807,2021-08-04 03:44:11.833140
OCDC__Size-640x640_Epoch-226_Images-840_Batch-1__no_augmentation.pth,no_augmentation,test,226,0.2750669200195639,0.9342109646267359,2021-08-04 03:44:11.833166
OCDC__Size-640x640_Epoch-227_Images-840_Batch-1__no_augmentation.pth,no_augmentation,train,227,0.02530320942923457,0.9899848167782742,2021-08-04 04:01:09.192220
OCDC__Size-640x640_Epoch-227_Images-840_Batch-1__no_augmentation.pth,no_augmentation,test,227,0.3162191510877651,0.9326610107421878,2021-08-04 04:01:09.192276
OCDC__Size-640x640_Epoch-228_Images-840_Batch-1__no_augmentation.pth,no_augmentation,train,228,0.03793659707544909,0.9853400733584449,2021-08-04 04:18:06.434730
OCDC__Size-640x640_Epoch-228_Images-840_Batch-1__no_augmentation.pth,no_augmentation,test,228,0.2306605312846639,0.9355733778211803,2021-08-04 04:18:06.434789
OCDC__Size-640x640_Epoch-229_Images-840_Batch-1__no_augmentation.pth,no_augmentation,train,229,0.029598944653744193,0.9884071974981399,2021-08-04 04:35:03.793485
OCDC__Size-640x640_Epoch-229_Images-840_Batch-1__no_augmentation.pth,no_augmentation,test,229,0.28694146639312523,0.9331940239800345,2021-08-04 04:35:03.793516
OCDC__Size-640x640_Epoch-230_Images-840_Batch-1__no_augmentation.pth,no_augmentation,train,230,0.02410707207088199,0.9904283447265618,2021-08-04 04:52:01.188465
OCDC__Size-640x640_Epoch-230_Images-840_Batch-1__no_augmentation.pth,no_augmentation,test,230,0.26935174528158534,0.9336229926215274,2021-08-04 04:52:01.188521
OCDC__Size-640x640_Epoch-231_Images-840_Batch-1__no_augmentation.pth,no_augmentation,train,231,0.022161434779229997,0.9911713285900295,2021-08-04 05:08:58.546713
OCDC__Size-640x640_Epoch-231_Images-840_Batch-1__no_augmentation.pth,no_augmentation,test,231,0.23062546356849037,0.9401100124782985,2021-08-04 05:08:58.546783
OCDC__Size-640x640_Epoch-232_Images-840_Batch-1__no_augmentation.pth,no_augmentation,train,232,0.02504350273822257,0.9901149291992187,2021-08-04 05:25:55.905987
OCDC__Size-640x640_Epoch-232_Images-840_Batch-1__no_augmentation.pth,no_augmentation,test,232,0.26165715894647695,0.9384907904730899,2021-08-04 05:25:55.906014
OCDC__Size-640x640_Epoch-233_Images-840_Batch-1__no_augmentation.pth,no_augmentation,train,233,0.023184048373484506,0.9907409057617188,2021-08-04 05:42:53.207363
OCDC__Size-640x640_Epoch-233_Images-840_Batch-1__no_augmentation.pth,no_augmentation,test,233,0.3591638831049998,0.9247841254340275,2021-08-04 05:42:53.207419
OCDC__Size-640x640_Epoch-234_Images-840_Batch-1__no_augmentation.pth,no_augmentation,train,234,0.024472767283450297,0.9902751377650671,2021-08-04 05:59:50.596036
OCDC__Size-640x640_Epoch-234_Images-840_Batch-1__no_augmentation.pth,no_augmentation,test,234,0.2864592421921406,0.9350182969835068,2021-08-04 05:59:50.596091
OCDC__Size-640x640_Epoch-235_Images-840_Batch-1__no_augmentation.pth,no_augmentation,train,235,0.04813020115380927,0.9829305042085192,2021-08-04 06:16:48.117042
OCDC__Size-640x640_Epoch-235_Images-840_Batch-1__no_augmentation.pth,no_augmentation,test,235,0.5213457700278354,0.8791888427734373,2021-08-04 06:16:48.117085
OCDC__Size-640x640_Epoch-236_Images-840_Batch-1__no_augmentation.pth,no_augmentation,train,236,0.037592471811488046,0.9857649739583334,2021-08-04 06:33:45.242730
OCDC__Size-640x640_Epoch-236_Images-840_Batch-1__no_augmentation.pth,no_augmentation,test,236,0.21670552409450086,0.9365403238932293,2021-08-04 06:33:45.242786
OCDC__Size-640x640_Epoch-237_Images-840_Batch-1__no_augmentation.pth,no_augmentation,train,237,0.024268387848092012,0.9905318894159223,2021-08-04 06:50:42.772669
OCDC__Size-640x640_Epoch-237_Images-840_Batch-1__no_augmentation.pth,no_augmentation,test,237,0.22874068766293207,0.939717013888889,2021-08-04 06:50:42.772719
OCDC__Size-640x640_Epoch-238_Images-840_Batch-1__no_augmentation.pth,no_augmentation,train,238,0.02183616583521337,0.9913818853469114,2021-08-04 07:07:43.570091
OCDC__Size-640x640_Epoch-238_Images-840_Batch-1__no_augmentation.pth,no_augmentation,test,238,0.25045841589149975,0.9392339680989584,2021-08-04 07:07:43.570145
OCDC__Size-640x640_Epoch-239_Images-840_Batch-1__no_augmentation.pth,no_augmentation,train,239,0.02125435693984773,0.9915466221400667,2021-08-04 07:24:40.452860
OCDC__Size-640x640_Epoch-239_Images-840_Batch-1__no_augmentation.pth,no_augmentation,test,239,0.2811355340586893,0.936142862955729,2021-08-04 07:24:40.452917
OCDC__Size-640x640_Epoch-240_Images-840_Batch-1__no_augmentation.pth,no_augmentation,train,240,0.021813775371272284,0.991271644228981,2021-08-04 07:41:37.578071
OCDC__Size-640x640_Epoch-240_Images-840_Batch-1__no_augmentation.pth,no_augmentation,test,240,0.31715257711973127,0.9310143093532991,2021-08-04 07:41:37.578153
OCDC__Size-640x640_Epoch-241_Images-840_Batch-1__no_augmentation.pth,no_augmentation,train,241,0.023342972152981728,0.9907346394856771,2021-08-04 07:58:34.774638
OCDC__Size-640x640_Epoch-241_Images-840_Batch-1__no_augmentation.pth,no_augmentation,test,241,0.27944551447241545,0.9340461832682295,2021-08-04 07:58:34.774696
OCDC__Size-640x640_Epoch-242_Images-840_Batch-1__no_augmentation.pth,no_augmentation,train,242,0.02375545739409517,0.9905161481584821,2021-08-04 08:15:31.817956
OCDC__Size-640x640_Epoch-242_Images-840_Batch-1__no_augmentation.pth,no_augmentation,test,242,0.44169017230134855,0.930555935329861,2021-08-04 08:15:31.818032
OCDC__Size-640x640_Epoch-243_Images-840_Batch-1__no_augmentation.pth,no_augmentation,train,243,0.02410537726039919,0.9904084065755205,2021-08-04 08:32:33.038055
OCDC__Size-640x640_Epoch-243_Images-840_Batch-1__no_augmentation.pth,no_augmentation,test,243,0.29419235553473,0.9256353081597223,2021-08-04 08:32:33.038089
OCDC__Size-640x640_Epoch-244_Images-840_Batch-1__no_augmentation.pth,no_augmentation,train,244,0.024951514361192872,0.990074497767858,2021-08-04 08:49:31.403747
OCDC__Size-640x640_Epoch-244_Images-840_Batch-1__no_augmentation.pth,no_augmentation,test,244,0.29683370065131937,0.9347225206163192,2021-08-04 08:49:31.403795
OCDC__Size-640x640_Epoch-245_Images-840_Batch-1__no_augmentation.pth,no_augmentation,train,245,0.02196432855071452,0.9912038835797982,2021-08-04 09:06:28.756068
OCDC__Size-640x640_Epoch-245_Images-840_Batch-1__no_augmentation.pth,no_augmentation,test,245,0.2474391062263829,0.939423828125,2021-08-04 09:06:28.756098
OCDC__Size-640x640_Epoch-246_Images-840_Batch-1__no_augmentation.pth,no_augmentation,train,246,0.02257562678615513,0.9909970703124993,2021-08-04 09:23:25.703043
OCDC__Size-640x640_Epoch-246_Images-840_Batch-1__no_augmentation.pth,no_augmentation,test,246,0.28272912283514606,0.9376902940538199,2021-08-04 09:23:25.703072
OCDC__Size-640x640_Epoch-247_Images-840_Batch-1__no_augmentation.pth,no_augmentation,train,247,0.023640702078659283,0.9905409487769727,2021-08-04 09:40:22.870913
OCDC__Size-640x640_Epoch-247_Images-840_Batch-1__no_augmentation.pth,no_augmentation,test,247,0.32978035307464454,0.9334686414930554,2021-08-04 09:40:22.870968
OCDC__Size-640x640_Epoch-248_Images-840_Batch-1__no_augmentation.pth,no_augmentation,train,248,0.021939338831502755,0.9912597859700515,2021-08-04 09:57:20.984989
OCDC__Size-640x640_Epoch-248_Images-840_Batch-1__no_augmentation.pth,no_augmentation,test,248,0.2796963686520847,0.935177435980903,2021-08-04 09:57:20.985016
OCDC__Size-640x640_Epoch-249_Images-840_Batch-1__no_augmentation.pth,no_augmentation,train,249,0.022522226549252334,0.9909928327287941,2021-08-04 10:14:18.486798
OCDC__Size-640x640_Epoch-249_Images-840_Batch-1__no_augmentation.pth,no_augmentation,test,249,0.2979263510291977,0.9308903808593753,2021-08-04 10:14:18.486824
OCDC__Size-640x640_Epoch-250_Images-840_Batch-1__no_augmentation.pth,no_augmentation,train,250,0.022012590433286353,0.9911751447405143,2021-08-04 10:31:15.330574
OCDC__Size-640x640_Epoch-250_Images-840_Batch-1__no_augmentation.pth,no_augmentation,test,250,0.2547784193392205,0.934183824327257,2021-08-04 10:31:15.330612
OCDC__Size-640x640_Epoch-251_Images-840_Batch-1__no_augmentation.pth,no_augmentation,train,251,0.02157076729888315,0.9913368966238838,2021-08-04 10:48:12.440590
OCDC__Size-640x640_Epoch-251_Images-840_Batch-1__no_augmentation.pth,no_augmentation,test,251,0.27747369752583106,0.9394020317925348,2021-08-04 10:48:12.440659
OCDC__Size-640x640_Epoch-252_Images-840_Batch-1__no_augmentation.pth,no_augmentation,train,252,0.022317848027752163,0.9910079287574406,2021-08-04 11:05:09.652222
OCDC__Size-640x640_Epoch-252_Images-840_Batch-1__no_augmentation.pth,no_augmentation,test,252,0.6383487679713877,0.9169324001736112,2021-08-04 11:05:09.652269
OCDC__Size-640x640_Epoch-253_Images-840_Batch-1__no_augmentation.pth,no_augmentation,train,253,0.030719155799673527,0.9881052711123516,2021-08-04 11:22:08.026270
OCDC__Size-640x640_Epoch-253_Images-840_Batch-1__no_augmentation.pth,no_augmentation,test,253,0.2618071040416985,0.9337081434461805,2021-08-04 11:22:08.026300
OCDC__Size-640x640_Epoch-254_Images-840_Batch-1__no_augmentation.pth,no_augmentation,train,254,0.020701850332544267,0.991723295665923,2021-08-04 11:39:05.355559
OCDC__Size-640x640_Epoch-254_Images-840_Batch-1__no_augmentation.pth,no_augmentation,test,254,0.2556764872017723,0.9385782335069447,2021-08-04 11:39:05.355587
OCDC__Size-640x640_Epoch-255_Images-840_Batch-1__no_augmentation.pth,no_augmentation,train,255,0.019259714882428988,0.9922150355747764,2021-08-04 11:56:03.361916
OCDC__Size-640x640_Epoch-255_Images-840_Batch-1__no_augmentation.pth,no_augmentation,test,255,0.24916983248682878,0.9380294460720483,2021-08-04 11:56:03.361944
OCDC__Size-640x640_Epoch-256_Images-840_Batch-1__no_augmentation.pth,no_augmentation,train,256,0.02402129740281578,0.9910905296688977,2021-08-04 12:13:00.221138
OCDC__Size-640x640_Epoch-256_Images-840_Batch-1__no_augmentation.pth,no_augmentation,test,256,0.5680696624174146,0.897275634765625,2021-08-04 12:13:00.221180
OCDC__Size-640x640_Epoch-257_Images-840_Batch-1__no_augmentation.pth,no_augmentation,train,257,0.03418149711054106,0.986535725911458,2021-08-04 12:29:58.441954
OCDC__Size-640x640_Epoch-257_Images-840_Batch-1__no_augmentation.pth,no_augmentation,test,257,0.26370151827483196,0.9377625868055554,2021-08-04 12:29:58.442012
OCDC__Size-640x640_Epoch-258_Images-840_Batch-1__no_augmentation.pth,no_augmentation,train,258,0.02103696362306246,0.9915855509440102,2021-08-04 12:46:56.711528
OCDC__Size-640x640_Epoch-258_Images-840_Batch-1__no_augmentation.pth,no_augmentation,test,258,0.28065892873140014,0.9391980523003473,2021-08-04 12:46:56.711572
OCDC__Size-640x640_Epoch-259_Images-840_Batch-1__no_augmentation.pth,no_augmentation,train,259,0.018345804972863373,0.9925781773158483,2021-08-04 13:03:53.871179
OCDC__Size-640x640_Epoch-259_Images-840_Batch-1__no_augmentation.pth,no_augmentation,test,259,0.27627976668972976,0.9403797471788193,2021-08-04 13:03:53.871224
OCDC__Size-640x640_Epoch-260_Images-840_Batch-1__no_augmentation.pth,no_augmentation,train,260,0.01780923603179955,0.9927838890438986,2021-08-04 13:20:50.848661
OCDC__Size-640x640_Epoch-260_Images-840_Batch-1__no_augmentation.pth,no_augmentation,test,260,0.37570304173757885,0.931194390190972,2021-08-04 13:20:50.848686
OCDC__Size-640x640_Epoch-261_Images-840_Batch-1__no_augmentation.pth,no_augmentation,train,261,0.01921322467523784,0.9922151750837047,2021-08-04 13:37:48.324299
OCDC__Size-640x640_Epoch-261_Images-840_Batch-1__no_augmentation.pth,no_augmentation,test,261,0.2795253120250602,0.9378297661675344,2021-08-04 13:37:48.324356
OCDC__Size-640x640_Epoch-262_Images-840_Batch-1__no_augmentation.pth,no_augmentation,train,262,0.02074621605377046,0.9916392764136903,2021-08-04 13:54:45.714356
OCDC__Size-640x640_Epoch-262_Images-840_Batch-1__no_augmentation.pth,no_augmentation,test,262,0.27014723114271294,0.9432373996310761,2021-08-04 13:54:45.714410
OCDC__Size-640x640_Epoch-263_Images-840_Batch-1__no_augmentation.pth,no_augmentation,train,263,0.021442218946250518,0.9913947027297241,2021-08-04 14:11:43.317867
OCDC__Size-640x640_Epoch-263_Images-840_Batch-1__no_augmentation.pth,no_augmentation,test,263,0.4743587496352874,0.9159046902126737,2021-08-04 14:11:43.317923
OCDC__Size-640x640_Epoch-264_Images-840_Batch-1__no_augmentation.pth,no_augmentation,train,264,0.021583849676852195,0.9912707752046129,2021-08-04 14:28:43.645474
OCDC__Size-640x640_Epoch-264_Images-840_Batch-1__no_augmentation.pth,no_augmentation,test,264,0.2823485305140539,0.9349887966579865,2021-08-04 14:28:43.645502
OCDC__Size-640x640_Epoch-265_Images-840_Batch-1__no_augmentation.pth,no_augmentation,train,265,0.019346309529546277,0.9921930919828865,2021-08-04 14:45:42.234844
OCDC__Size-640x640_Epoch-265_Images-840_Batch-1__no_augmentation.pth,no_augmentation,test,265,0.2777392300155886,0.9386904296875003,2021-08-04 14:45:42.234884
OCDC__Size-640x640_Epoch-266_Images-840_Batch-1__no_augmentation.pth,no_augmentation,train,266,0.019365347563975243,0.9921677507672992,2021-08-04 15:02:41.264418
OCDC__Size-640x640_Epoch-266_Images-840_Batch-1__no_augmentation.pth,no_augmentation,test,266,0.4431714411307015,0.9222590603298613,2021-08-04 15:02:41.264476
OCDC__Size-640x640_Epoch-267_Images-840_Batch-1__no_augmentation.pth,no_augmentation,train,267,0.02175391842938165,0.9912420479910716,2021-08-04 15:19:40.076093
OCDC__Size-640x640_Epoch-267_Images-840_Batch-1__no_augmentation.pth,no_augmentation,test,267,0.33139656519184607,0.9398479139539933,2021-08-04 15:19:40.076122
OCDC__Size-640x640_Epoch-268_Images-840_Batch-1__no_augmentation.pth,no_augmentation,train,268,0.022361316671165327,0.9910344325474324,2021-08-04 15:36:39.039034
OCDC__Size-640x640_Epoch-268_Images-840_Batch-1__no_augmentation.pth,no_augmentation,test,268,0.3524279295321695,0.9271342095269093,2021-08-04 15:36:39.039062
OCDC__Size-640x640_Epoch-269_Images-840_Batch-1__no_augmentation.pth,no_augmentation,train,269,0.020684709052402182,0.9916824805850066,2021-08-04 15:53:38.556520
OCDC__Size-640x640_Epoch-269_Images-840_Batch-1__no_augmentation.pth,no_augmentation,test,269,0.2886468365727638,0.9384701199001736,2021-08-04 15:53:38.556555
OCDC__Size-640x640_Epoch-270_Images-840_Batch-1__no_augmentation.pth,no_augmentation,train,270,0.019068363738585035,0.9922378859747029,2021-08-04 16:10:37.201380
OCDC__Size-640x640_Epoch-270_Images-840_Batch-1__no_augmentation.pth,no_augmentation,test,270,0.31099015178685463,0.9442360297309026,2021-08-04 16:10:37.201419
OCDC__Size-640x640_Epoch-271_Images-840_Batch-1__no_augmentation.pth,no_augmentation,train,271,0.018674223416696202,0.9924136933826265,2021-08-04 16:27:35.854285
OCDC__Size-640x640_Epoch-271_Images-840_Batch-1__no_augmentation.pth,no_augmentation,test,271,0.2328219813515348,0.9403022325303818,2021-08-04 16:27:35.854344
OCDC__Size-640x640_Epoch-272_Images-840_Batch-1__no_augmentation.pth,no_augmentation,train,272,0.019507815715084385,0.9921327456519722,2021-08-04 16:44:34.203702
OCDC__Size-640x640_Epoch-272_Images-840_Batch-1__no_augmentation.pth,no_augmentation,test,272,0.27661675527917706,0.9442551540798614,2021-08-04 16:44:34.203756
OCDC__Size-640x640_Epoch-273_Images-840_Batch-1__no_augmentation.pth,no_augmentation,train,273,0.021322247474329543,0.9913875325520843,2021-08-04 17:01:33.633783
OCDC__Size-640x640_Epoch-273_Images-840_Batch-1__no_augmentation.pth,no_augmentation,test,273,0.28876578620449783,0.9372533908420141,2021-08-04 17:01:33.633827
OCDC__Size-640x640_Epoch-274_Images-840_Batch-1__no_augmentation.pth,no_augmentation,train,274,0.020719437459883108,0.9916463245210199,2021-08-04 17:18:35.226010
OCDC__Size-640x640_Epoch-274_Images-840_Batch-1__no_augmentation.pth,no_augmentation,test,274,0.32731799954749324,0.9325264078776042,2021-08-04 17:18:35.226036
OCDC__Size-640x640_Epoch-275_Images-840_Batch-1__no_augmentation.pth,no_augmentation,train,275,0.01975862206020277,0.9919853951590402,2021-08-04 17:35:35.124571
OCDC__Size-640x640_Epoch-275_Images-840_Batch-1__no_augmentation.pth,no_augmentation,test,275,0.45900769463161617,0.9241624755859377,2021-08-04 17:35:35.124596
OCDC__Size-640x640_Epoch-276_Images-840_Batch-1__no_augmentation.pth,no_augmentation,train,276,0.01861358523385498,0.9924485444568446,2021-08-04 17:52:34.330028
OCDC__Size-640x640_Epoch-276_Images-840_Batch-1__no_augmentation.pth,no_augmentation,test,276,0.27089104953464466,0.9396990017361113,2021-08-04 17:52:34.330073
OCDC__Size-640x640_Epoch-277_Images-840_Batch-1__no_augmentation.pth,no_augmentation,train,277,0.0213553405551838,0.9914370349702384,2021-08-04 18:09:33.221986
OCDC__Size-640x640_Epoch-277_Images-840_Batch-1__no_augmentation.pth,no_augmentation,test,277,0.2999754576515457,0.9380488688151041,2021-08-04 18:09:33.222028
OCDC__Size-640x640_Epoch-278_Images-840_Batch-1__no_augmentation.pth,no_augmentation,train,278,0.019242723761584885,0.9922202555338542,2021-08-04 18:26:31.924867
OCDC__Size-640x640_Epoch-278_Images-840_Batch-1__no_augmentation.pth,no_augmentation,test,278,0.34352049310965377,0.936092041015625,2021-08-04 18:26:31.924893
OCDC__Size-640x640_Epoch-279_Images-840_Batch-1__no_augmentation.pth,no_augmentation,train,279,0.016795664594274184,0.9931242559523811,2021-08-04 18:43:30.279063
OCDC__Size-640x640_Epoch-279_Images-840_Batch-1__no_augmentation.pth,no_augmentation,test,279,0.38498594642894374,0.9344068332248265,2021-08-04 18:43:30.279110
OCDC__Size-640x640_Epoch-280_Images-840_Batch-1__no_augmentation.pth,no_augmentation,train,280,0.024103514897876335,0.990565176827567,2021-08-04 19:00:28.841286
OCDC__Size-640x640_Epoch-280_Images-840_Batch-1__no_augmentation.pth,no_augmentation,test,280,0.27063048065033124,0.9403708631727431,2021-08-04 19:00:28.841314
OCDC__Size-640x640_Epoch-281_Images-840_Batch-1__no_augmentation.pth,no_augmentation,train,281,0.017525764261432344,0.992850161597842,2021-08-04 19:17:28.571730
OCDC__Size-640x640_Epoch-281_Images-840_Batch-1__no_augmentation.pth,no_augmentation,test,281,0.35271007716269676,0.9306466335720489,2021-08-04 19:17:28.571795
OCDC__Size-640x640_Epoch-282_Images-840_Batch-1__no_augmentation.pth,no_augmentation,train,282,0.01694708756478002,0.9930314679827006,2021-08-04 19:34:27.173127
OCDC__Size-640x640_Epoch-282_Images-840_Batch-1__no_augmentation.pth,no_augmentation,test,282,0.34693454826945036,0.9357828369140626,2021-08-04 19:34:27.173185
OCDC__Size-640x640_Epoch-283_Images-840_Batch-1__no_augmentation.pth,no_augmentation,train,283,0.017153178303446183,0.9929838721865708,2021-08-04 19:51:36.977907
OCDC__Size-640x640_Epoch-283_Images-840_Batch-1__no_augmentation.pth,no_augmentation,test,283,0.2893922665216912,0.9406428493923609,2021-08-04 19:51:36.977934
OCDC__Size-640x640_Epoch-284_Images-840_Batch-1__no_augmentation.pth,no_augmentation,train,284,0.01718338828696515,0.9929460042317708,2021-08-04 20:08:36.689147
OCDC__Size-640x640_Epoch-284_Images-840_Batch-1__no_augmentation.pth,no_augmentation,test,284,0.5682987060870124,0.917675564236111,2021-08-04 20:08:36.689191
OCDC__Size-640x640_Epoch-285_Images-840_Batch-1__no_augmentation.pth,no_augmentation,train,285,0.020385786035424302,0.9917407226562501,2021-08-04 20:25:36.298604
OCDC__Size-640x640_Epoch-285_Images-840_Batch-1__no_augmentation.pth,no_augmentation,test,285,0.2900656540053094,0.9368748236762152,2021-08-04 20:25:36.298628
OCDC__Size-640x640_Epoch-286_Images-840_Batch-1__no_augmentation.pth,no_augmentation,train,286,0.029328804134118303,0.9884471638997391,2021-08-04 20:42:35.257344
OCDC__Size-640x640_Epoch-286_Images-840_Batch-1__no_augmentation.pth,no_augmentation,test,286,0.27076576591122087,0.9381693657769095,2021-08-04 20:42:35.257372
OCDC__Size-640x640_Epoch-287_Images-840_Batch-1__no_augmentation.pth,no_augmentation,train,287,0.017082455322209575,0.9930540219261529,2021-08-04 20:59:35.566970
OCDC__Size-640x640_Epoch-287_Images-840_Batch-1__no_augmentation.pth,no_augmentation,test,287,0.2685907581381462,0.9399410671657983,2021-08-04 20:59:35.567010
OCDC__Size-640x640_Epoch-288_Images-840_Batch-1__no_augmentation.pth,no_augmentation,train,288,0.015524879010225801,0.9936170654296878,2021-08-04 21:16:36.407782
OCDC__Size-640x640_Epoch-288_Images-840_Batch-1__no_augmentation.pth,no_augmentation,test,288,0.27751775076098273,0.9387721218532984,2021-08-04 21:16:36.407836
OCDC__Size-640x640_Epoch-289_Images-840_Batch-1__no_augmentation.pth,no_augmentation,train,289,0.01530032692852556,0.9937107543945307,2021-08-04 21:33:34.096046
OCDC__Size-640x640_Epoch-289_Images-840_Batch-1__no_augmentation.pth,no_augmentation,test,289,0.31164439546809763,0.9411305202907984,2021-08-04 21:33:34.096090
OCDC__Size-640x640_Epoch-290_Images-840_Batch-1__no_augmentation.pth,no_augmentation,train,290,0.015756536683376565,0.9935179530552453,2021-08-04 21:50:32.310684
OCDC__Size-640x640_Epoch-290_Images-840_Batch-1__no_augmentation.pth,no_augmentation,test,290,0.3093392813432603,0.9369402398003472,2021-08-04 21:50:32.310712
OCDC__Size-640x640_Epoch-291_Images-840_Batch-1__no_augmentation.pth,no_augmentation,train,291,0.021049473415699623,0.9918114071800592,2021-08-04 22:07:29.430692
OCDC__Size-640x640_Epoch-291_Images-840_Batch-1__no_augmentation.pth,no_augmentation,test,291,0.6204657043004288,0.900328138563368,2021-08-04 22:07:29.430746
OCDC__Size-640x640_Epoch-292_Images-840_Batch-1__no_augmentation.pth,no_augmentation,train,292,0.02122470098406858,0.99149899437314,2021-08-04 22:24:27.986214
OCDC__Size-640x640_Epoch-292_Images-840_Batch-1__no_augmentation.pth,no_augmentation,test,292,0.32379825348385805,0.9386674533420137,2021-08-04 22:24:27.986256
OCDC__Size-640x640_Epoch-293_Images-840_Batch-1__no_augmentation.pth,no_augmentation,train,293,0.016078335495040938,0.993398521786645,2021-08-04 22:41:29.484845
OCDC__Size-640x640_Epoch-293_Images-840_Batch-1__no_augmentation.pth,no_augmentation,test,293,0.272675557076276,0.9419784478081595,2021-08-04 22:41:29.484876
OCDC__Size-640x640_Epoch-294_Images-840_Batch-1__no_augmentation.pth,no_augmentation,train,294,0.01535788592499087,0.9936818091982892,2021-08-04 22:58:27.909700
OCDC__Size-640x640_Epoch-294_Images-840_Batch-1__no_augmentation.pth,no_augmentation,test,294,0.3053385643516301,0.9273801540798612,2021-08-04 22:58:27.909740
OCDC__Size-640x640_Epoch-295_Images-840_Batch-1__no_augmentation.pth,no_augmentation,train,295,0.01612950317617903,0.9933692714146212,2021-08-04 23:15:25.778066
OCDC__Size-640x640_Epoch-295_Images-840_Batch-1__no_augmentation.pth,no_augmentation,test,295,0.29172481510115333,0.9421900227864581,2021-08-04 23:15:25.778109
OCDC__Size-640x640_Epoch-296_Images-840_Batch-1__no_augmentation.pth,no_augmentation,train,296,0.017137155383907494,0.9930186767578122,2021-08-04 23:32:23.105926
OCDC__Size-640x640_Epoch-296_Images-840_Batch-1__no_augmentation.pth,no_augmentation,test,296,0.41298128246740223,0.9300163167317709,2021-08-04 23:32:23.105956
OCDC__Size-640x640_Epoch-297_Images-840_Batch-1__no_augmentation.pth,no_augmentation,train,297,0.017741064835456438,0.9927320498511902,2021-08-04 23:49:20.741049
OCDC__Size-640x640_Epoch-297_Images-840_Batch-1__no_augmentation.pth,no_augmentation,test,297,0.3371602727841901,0.9347638210720484,2021-08-04 23:49:20.741106
OCDC__Size-640x640_Epoch-298_Images-840_Batch-1__no_augmentation.pth,no_augmentation,train,298,0.017257306451550172,0.9929379853748144,2021-08-05 00:06:17.814896
OCDC__Size-640x640_Epoch-298_Images-840_Batch-1__no_augmentation.pth,no_augmentation,test,298,0.27130391006424737,0.9352944878472222,2021-08-05 00:06:17.814925
OCDC__Size-640x640_Epoch-299_Images-840_Batch-1__no_augmentation.pth,no_augmentation,train,299,0.016918906771834764,0.9930741141183042,2021-08-05 00:23:14.939759
OCDC__Size-640x640_Epoch-299_Images-840_Batch-1__no_augmentation.pth,no_augmentation,test,299,0.584025268747696,0.9243940836588543,2021-08-05 00:23:14.939803
OCDC__Size-640x640_Epoch-300_Images-840_Batch-1__no_augmentation.pth,no_augmentation,train,300,0.01825628627445015,0.9925885649181543,2021-08-05 00:40:12.101149
OCDC__Size-640x640_Epoch-300_Images-840_Batch-1__no_augmentation.pth,no_augmentation,test,300,0.2540286160286005,0.9432899305555558,2021-08-05 00:40:12.101189
model,augmentation,phase,epoch,loss,accuracy,date
model,augmentation,phase,epoch,loss,accuracy,date
model,augmentation,phase,epoch,loss,accuracy,date
model,augmentation,phase,epoch,loss,accuracy,date
