model,augmentation,phase,epoch,loss,accuracy,date,transformations
ORCA__Size-640x640_Epoch-1_Images-4181_Batch-1__random.pth,random_9_operations,train,1,0.5722715740097222,0.6697947723892334,2021-12-19 23:03:13.271565,[None]
ORCA__Size-640x640_Epoch-1_Images-4181_Batch-1__random.pth,random_9_operations,test,1,0.5714383295167107,0.682562090501912,2021-12-19 23:03:13.271623,[None]
ORCA__Size-640x640_Epoch-2_Images-4181_Batch-1__random.pth,random_9_operations,train,2,0.527866618976414,0.7090221388423814,2022-02-17 22:29:42.025413,[None 'horizontal_flip' 'vertical_flip' 'rotation' 'transpose' 'elastic_transformation' 'grid_distortion' 'optical_distortion' 'color_transfer' 'inpainting']
ORCA__Size-640x640_Epoch-2_Images-4181_Batch-1__random.pth,random_9_operations,test,2,0.5160707980028568,0.7292431771385436,2022-02-17 22:29:42.025448,[None 'horizontal_flip' 'vertical_flip' 'rotation' 'transpose' 'elastic_transformation' 'grid_distortion' 'optical_distortion' 'color_transfer' 'inpainting']
ORCA__Size-640x640_Epoch-3_Images-4181_Batch-1__random.pth,random_9_operations,train,3,0.4954882438435591,0.7375605791078681,2022-02-18 00:57:31.149449,[None 'horizontal_flip' 'vertical_flip' 'rotation' 'transpose' 'elastic_transformation' 'grid_distortion' 'optical_distortion' 'color_transfer' 'inpainting']
ORCA__Size-640x640_Epoch-3_Images-4181_Batch-1__random.pth,random_9_operations,test,3,0.46599330401758454,0.7675930453102346,2022-02-18 00:57:31.149493,[None 'horizontal_flip' 'vertical_flip' 'rotation' 'transpose' 'elastic_transformation' 'grid_distortion' 'optical_distortion' 'color_transfer' 'inpainting']
ORCA__Size-640x640_Epoch-4_Images-4181_Batch-1__random.pth,random_9_operations,train,4,0.46777535540080045,0.761835311528341,2022-02-18 03:25:24.766618,[None 'horizontal_flip' 'vertical_flip' 'rotation' 'transpose' 'elastic_transformation' 'grid_distortion' 'optical_distortion' 'color_transfer' 'inpainting']
ORCA__Size-640x640_Epoch-4_Images-4181_Batch-1__random.pth,random_9_operations,test,4,0.4355368944684314,0.7914624938760532,2022-02-18 03:25:24.766681,[None 'horizontal_flip' 'vertical_flip' 'rotation' 'transpose' 'elastic_transformation' 'grid_distortion' 'optical_distortion' 'color_transfer' 'inpainting']
ORCA__Size-640x640_Epoch-5_Images-4181_Batch-1__random.pth,random_9_operations,train,5,0.456370172734802,0.7691485681832619,2022-02-18 05:53:16.357415,[None 'horizontal_flip' 'vertical_flip' 'rotation' 'transpose' 'elastic_transformation' 'grid_distortion' 'optical_distortion' 'color_transfer' 'inpainting']
ORCA__Size-640x640_Epoch-5_Images-4181_Batch-1__random.pth,random_9_operations,test,5,0.42767506166943425,0.7988579677998068,2022-02-18 05:53:16.357478,[None 'horizontal_flip' 'vertical_flip' 'rotation' 'transpose' 'elastic_transformation' 'grid_distortion' 'optical_distortion' 'color_transfer' 'inpainting']
ORCA__Size-640x640_Epoch-6_Images-4181_Batch-1__random.pth,random_9_operations,train,6,0.4429332062974483,0.7800944697506192,2022-02-18 08:20:54.979637,[None 'horizontal_flip' 'vertical_flip' 'rotation' 'transpose' 'elastic_transformation' 'grid_distortion' 'optical_distortion' 'color_transfer' 'inpainting']
ORCA__Size-640x640_Epoch-6_Images-4181_Batch-1__random.pth,random_9_operations,test,6,0.4133442691058632,0.8070683418313098,2022-02-18 08:20:54.979719,[None 'horizontal_flip' 'vertical_flip' 'rotation' 'transpose' 'elastic_transformation' 'grid_distortion' 'optical_distortion' 'color_transfer' 'inpainting']
ORCA__Size-640x640_Epoch-7_Images-4181_Batch-1__random.pth,random_9_operations,train,7,0.43417122118447676,0.7865565223210271,2022-02-18 10:48:40.823866,[None 'horizontal_flip' 'vertical_flip' 'rotation' 'transpose' 'elastic_transformation' 'grid_distortion' 'optical_distortion' 'color_transfer' 'inpainting']
ORCA__Size-640x640_Epoch-7_Images-4181_Batch-1__random.pth,random_9_operations,test,7,0.40576260137610526,0.8136346496840821,2022-02-18 10:48:40.823901,[None 'horizontal_flip' 'vertical_flip' 'rotation' 'transpose' 'elastic_transformation' 'grid_distortion' 'optical_distortion' 'color_transfer' 'inpainting']
ORCA__Size-640x640_Epoch-8_Images-4181_Batch-1__random.pth,random_9_operations,train,8,0.42384273238717096,0.7934049302041613,2022-02-18 13:16:30.286934,[None 'horizontal_flip' 'vertical_flip' 'rotation' 'transpose' 'elastic_transformation' 'grid_distortion' 'optical_distortion' 'color_transfer' 'inpainting']
ORCA__Size-640x640_Epoch-8_Images-4181_Batch-1__random.pth,random_9_operations,test,8,0.3949000920116888,0.8202329578838082,2022-02-18 13:16:30.286990,[None 'horizontal_flip' 'vertical_flip' 'rotation' 'transpose' 'elastic_transformation' 'grid_distortion' 'optical_distortion' 'color_transfer' 'inpainting']
ORCA__Size-640x640_Epoch-9_Images-4181_Batch-1__random.pth,random_9_operations,train,9,0.41616823734157365,0.7990106611381851,2022-02-18 15:44:31.716815,[None 'horizontal_flip' 'vertical_flip' 'rotation' 'transpose' 'elastic_transformation' 'grid_distortion' 'optical_distortion' 'color_transfer' 'inpainting']
ORCA__Size-640x640_Epoch-9_Images-4181_Batch-1__random.pth,random_9_operations,test,9,0.39381517990309595,0.820001472144542,2022-02-18 15:44:31.716865,[None 'horizontal_flip' 'vertical_flip' 'rotation' 'transpose' 'elastic_transformation' 'grid_distortion' 'optical_distortion' 'color_transfer' 'inpainting']
ORCA__Size-640x640_Epoch-10_Images-4181_Batch-1__random.pth,random_9_operations,train,10,0.4097323075945484,0.8042902328100705,2022-02-18 18:12:15.139242,[None 'horizontal_flip' 'vertical_flip' 'rotation' 'transpose' 'elastic_transformation' 'grid_distortion' 'optical_distortion' 'color_transfer' 'inpainting']
ORCA__Size-640x640_Epoch-10_Images-4181_Batch-1__random.pth,random_9_operations,test,10,0.387430532133139,0.8242992466673542,2022-02-18 18:12:15.139318,[None 'horizontal_flip' 'vertical_flip' 'rotation' 'transpose' 'elastic_transformation' 'grid_distortion' 'optical_distortion' 'color_transfer' 'inpainting']
ORCA__Size-640x640_Epoch-11_Images-4181_Batch-1__random.pth,random_9_operations,train,11,0.40168404466539614,0.810751392553367,2022-02-18 20:40:29.991092,[None 'horizontal_flip' 'vertical_flip' 'rotation' 'transpose' 'elastic_transformation' 'grid_distortion' 'optical_distortion' 'color_transfer' 'inpainting']
ORCA__Size-640x640_Epoch-11_Images-4181_Batch-1__random.pth,random_9_operations,test,11,0.382295986169006,0.8243443786307822,2022-02-18 20:40:29.991139,[None 'horizontal_flip' 'vertical_flip' 'rotation' 'transpose' 'elastic_transformation' 'grid_distortion' 'optical_distortion' 'color_transfer' 'inpainting']
ORCA__Size-640x640_Epoch-12_Images-4181_Batch-1__random.pth,random_9_operations,train,12,0.39614293155080177,0.8136524821411224,2022-02-18 23:08:06.407227,[None 'horizontal_flip' 'vertical_flip' 'rotation' 'transpose' 'elastic_transformation' 'grid_distortion' 'optical_distortion' 'color_transfer' 'inpainting']
ORCA__Size-640x640_Epoch-12_Images-4181_Batch-1__random.pth,random_9_operations,test,12,0.38710505483080515,0.8234676800527593,2022-02-18 23:08:06.407277,[None 'horizontal_flip' 'vertical_flip' 'rotation' 'transpose' 'elastic_transformation' 'grid_distortion' 'optical_distortion' 'color_transfer' 'inpainting']
ORCA__Size-640x640_Epoch-13_Images-4181_Batch-1__random.pth,random_9_operations,train,13,0.3919567315336036,0.8160471589061752,2022-02-19 01:36:08.418413,[None 'horizontal_flip' 'vertical_flip' 'rotation' 'transpose' 'elastic_transformation' 'grid_distortion' 'optical_distortion' 'color_transfer' 'inpainting']
ORCA__Size-640x640_Epoch-13_Images-4181_Batch-1__random.pth,random_9_operations,test,13,0.3853576284020813,0.8246375865634076,2022-02-19 01:36:08.418448,[None 'horizontal_flip' 'vertical_flip' 'rotation' 'transpose' 'elastic_transformation' 'grid_distortion' 'optical_distortion' 'color_transfer' 'inpainting']
ORCA__Size-640x640_Epoch-14_Images-4181_Batch-1__random.pth,random_9_operations,train,14,0.38829928362656085,0.8213734448808584,2022-02-19 04:03:45.293248,[None 'horizontal_flip' 'vertical_flip' 'rotation' 'transpose' 'elastic_transformation' 'grid_distortion' 'optical_distortion' 'color_transfer' 'inpainting']
ORCA__Size-640x640_Epoch-14_Images-4181_Batch-1__random.pth,random_9_operations,test,14,0.38239187967382193,0.8263891607010854,2022-02-19 04:03:45.293298,[None 'horizontal_flip' 'vertical_flip' 'rotation' 'transpose' 'elastic_transformation' 'grid_distortion' 'optical_distortion' 'color_transfer' 'inpainting']
ORCA__Size-640x640_Epoch-15_Images-4181_Batch-1__random.pth,random_9_operations,train,15,0.37910402825744177,0.8264630966350756,2022-02-19 06:31:19.384790,[None 'horizontal_flip' 'vertical_flip' 'rotation' 'transpose' 'elastic_transformation' 'grid_distortion' 'optical_distortion' 'color_transfer' 'inpainting']
ORCA__Size-640x640_Epoch-15_Images-4181_Batch-1__random.pth,random_9_operations,test,15,0.3780047046259641,0.8283051851524148,2022-02-19 06:31:19.384841,[None 'horizontal_flip' 'vertical_flip' 'rotation' 'transpose' 'elastic_transformation' 'grid_distortion' 'optical_distortion' 'color_transfer' 'inpainting']
ORCA__Size-640x640_Epoch-16_Images-4181_Batch-1__random.pth,random_9_operations,train,16,0.3754123008501028,0.8300486657927967,2022-02-19 08:59:08.897020,[None 'horizontal_flip' 'vertical_flip' 'rotation' 'transpose' 'elastic_transformation' 'grid_distortion' 'optical_distortion' 'color_transfer' 'inpainting']
ORCA__Size-640x640_Epoch-16_Images-4181_Batch-1__random.pth,random_9_operations,test,16,0.37488390304874797,0.8306913402159806,2022-02-19 08:59:08.897069,[None 'horizontal_flip' 'vertical_flip' 'rotation' 'transpose' 'elastic_transformation' 'grid_distortion' 'optical_distortion' 'color_transfer' 'inpainting']
ORCA__Size-640x640_Epoch-17_Images-4181_Batch-1__random.pth,random_9_operations,train,17,0.37531624838782895,0.8286104959096966,2022-02-19 11:26:57.382279,[None 'horizontal_flip' 'vertical_flip' 'rotation' 'transpose' 'elastic_transformation' 'grid_distortion' 'optical_distortion' 'color_transfer' 'inpainting']
ORCA__Size-640x640_Epoch-17_Images-4181_Batch-1__random.pth,random_9_operations,test,17,0.36842058584072435,0.835190730436495,2022-02-19 11:26:57.382328,[None 'horizontal_flip' 'vertical_flip' 'rotation' 'transpose' 'elastic_transformation' 'grid_distortion' 'optical_distortion' 'color_transfer' 'inpainting']
ORCA__Size-640x640_Epoch-18_Images-4181_Batch-1__random.pth,random_9_operations,train,18,0.37189386003663866,0.831270314298503,2022-02-19 13:54:46.829170,[None 'horizontal_flip' 'vertical_flip' 'rotation' 'transpose' 'elastic_transformation' 'grid_distortion' 'optical_distortion' 'color_transfer' 'inpainting']
ORCA__Size-640x640_Epoch-18_Images-4181_Batch-1__random.pth,random_9_operations,test,18,0.3678604078991848,0.8344407932015038,2022-02-19 13:54:46.829221,[None 'horizontal_flip' 'vertical_flip' 'rotation' 'transpose' 'elastic_transformation' 'grid_distortion' 'optical_distortion' 'color_transfer' 'inpainting']
ORCA__Size-640x640_Epoch-19_Images-4181_Batch-1__random.pth,random_9_operations,train,19,0.36951238611039006,0.8326798395550556,2022-02-19 16:22:45.806553,[None 'horizontal_flip' 'vertical_flip' 'rotation' 'transpose' 'elastic_transformation' 'grid_distortion' 'optical_distortion' 'color_transfer' 'inpainting']
ORCA__Size-640x640_Epoch-19_Images-4181_Batch-1__random.pth,random_9_operations,test,19,0.37393454414154503,0.8316631038080929,2022-02-19 16:22:45.806602,[None 'horizontal_flip' 'vertical_flip' 'rotation' 'transpose' 'elastic_transformation' 'grid_distortion' 'optical_distortion' 'color_transfer' 'inpainting']
ORCA__Size-640x640_Epoch-20_Images-4181_Batch-1__random.pth,random_9_operations,train,20,0.3637538578925279,0.8353880878294282,2022-02-19 18:50:41.118939,[None 'horizontal_flip' 'vertical_flip' 'rotation' 'transpose' 'elastic_transformation' 'grid_distortion' 'optical_distortion' 'color_transfer' 'inpainting']
ORCA__Size-640x640_Epoch-20_Images-4181_Batch-1__random.pth,random_9_operations,test,20,0.3669813396727146,0.8362097775459931,2022-02-19 18:50:41.118988,[None 'horizontal_flip' 'vertical_flip' 'rotation' 'transpose' 'elastic_transformation' 'grid_distortion' 'optical_distortion' 'color_transfer' 'inpainting']
ORCA__Size-640x640_Epoch-21_Images-4181_Batch-1__random.pth,random_9_operations,train,21,0.3592415778730417,0.838121512777297,2022-02-19 21:18:14.248942,[None 'horizontal_flip' 'vertical_flip' 'rotation' 'transpose' 'elastic_transformation' 'grid_distortion' 'optical_distortion' 'color_transfer' 'inpainting']
ORCA__Size-640x640_Epoch-21_Images-4181_Batch-1__random.pth,random_9_operations,test,21,0.3712764986173645,0.8343511983321955,2022-02-19 21:18:14.248992,[None 'horizontal_flip' 'vertical_flip' 'rotation' 'transpose' 'elastic_transformation' 'grid_distortion' 'optical_distortion' 'color_transfer' 'inpainting']
ORCA__Size-640x640_Epoch-22_Images-4181_Batch-1__random.pth,random_9_operations,train,22,0.353052785986519,0.8422537858438874,2022-02-19 23:45:47.419080,[None 'horizontal_flip' 'vertical_flip' 'rotation' 'transpose' 'elastic_transformation' 'grid_distortion' 'optical_distortion' 'color_transfer' 'inpainting']
ORCA__Size-640x640_Epoch-22_Images-4181_Batch-1__random.pth,random_9_operations,test,22,0.37234424453838094,0.8311061885861821,2022-02-19 23:45:47.419115,[None 'horizontal_flip' 'vertical_flip' 'rotation' 'transpose' 'elastic_transformation' 'grid_distortion' 'optical_distortion' 'color_transfer' 'inpainting']
ORCA__Size-640x640_Epoch-23_Images-4181_Batch-1__random.pth,random_9_operations,train,23,0.354792925388626,0.8416893334195988,2022-02-20 02:13:46.561810,[None 'horizontal_flip' 'vertical_flip' 'rotation' 'transpose' 'elastic_transformation' 'grid_distortion' 'optical_distortion' 'color_transfer' 'inpainting']
ORCA__Size-640x640_Epoch-23_Images-4181_Batch-1__random.pth,random_9_operations,test,23,0.3638770426649503,0.8374197381565921,2022-02-20 02:13:46.561867,[None 'horizontal_flip' 'vertical_flip' 'rotation' 'transpose' 'elastic_transformation' 'grid_distortion' 'optical_distortion' 'color_transfer' 'inpainting']
ORCA__Size-640x640_Epoch-24_Images-4181_Batch-1__random.pth,random_9_operations,train,24,0.349913057126283,0.8444206690702739,2022-02-20 04:41:34.293680,[None 'horizontal_flip' 'vertical_flip' 'rotation' 'transpose' 'elastic_transformation' 'grid_distortion' 'optical_distortion' 'color_transfer' 'inpainting']
ORCA__Size-640x640_Epoch-24_Images-4181_Batch-1__random.pth,random_9_operations,test,24,0.379778963867205,0.829542711696783,2022-02-20 04:41:34.293738,[None 'horizontal_flip' 'vertical_flip' 'rotation' 'transpose' 'elastic_transformation' 'grid_distortion' 'optical_distortion' 'color_transfer' 'inpainting']
ORCA__Size-640x640_Epoch-25_Images-4181_Batch-1__random.pth,random_9_operations,train,25,0.3516123417889197,0.843741843682731,2022-02-20 07:09:17.697180,[None 'horizontal_flip' 'vertical_flip' 'rotation' 'transpose' 'elastic_transformation' 'grid_distortion' 'optical_distortion' 'color_transfer' 'inpainting']
ORCA__Size-640x640_Epoch-25_Images-4181_Batch-1__random.pth,random_9_operations,test,25,0.36045476702918794,0.8364951589218704,2022-02-20 07:09:17.697230,[None 'horizontal_flip' 'vertical_flip' 'rotation' 'transpose' 'elastic_transformation' 'grid_distortion' 'optical_distortion' 'color_transfer' 'inpainting']
ORCA__Size-640x640_Epoch-26_Images-4181_Batch-1__random.pth,random_9_operations,train,26,0.3482251594467251,0.8445725810633307,2022-02-20 09:37:11.703264,[None 'horizontal_flip' 'vertical_flip' 'rotation' 'transpose' 'elastic_transformation' 'grid_distortion' 'optical_distortion' 'color_transfer' 'inpainting']
ORCA__Size-640x640_Epoch-26_Images-4181_Batch-1__random.pth,random_9_operations,test,26,0.3737095203520836,0.8321532805395359,2022-02-20 09:37:11.703338,[None 'horizontal_flip' 'vertical_flip' 'rotation' 'transpose' 'elastic_transformation' 'grid_distortion' 'optical_distortion' 'color_transfer' 'inpainting']
ORCA__Size-640x640_Epoch-27_Images-4181_Batch-1__random.pth,random_9_operations,train,27,0.3440573497077718,0.8455070954354528,2022-02-20 12:05:04.029575,[None 'horizontal_flip' 'vertical_flip' 'rotation' 'transpose' 'elastic_transformation' 'grid_distortion' 'optical_distortion' 'color_transfer' 'inpainting']
ORCA__Size-640x640_Epoch-27_Images-4181_Batch-1__random.pth,random_9_operations,test,27,0.3687506360757354,0.834951433940703,2022-02-20 12:05:04.029648,[None 'horizontal_flip' 'vertical_flip' 'rotation' 'transpose' 'elastic_transformation' 'grid_distortion' 'optical_distortion' 'color_transfer' 'inpainting']
ORCA__Size-640x640_Epoch-28_Images-4181_Batch-1__random.pth,random_9_operations,train,28,0.3451583925340591,0.8475296577429912,2022-02-20 14:33:19.023999,[None 'horizontal_flip' 'vertical_flip' 'rotation' 'transpose' 'elastic_transformation' 'grid_distortion' 'optical_distortion' 'color_transfer' 'inpainting']
ORCA__Size-640x640_Epoch-28_Images-4181_Batch-1__random.pth,random_9_operations,test,28,0.36612991543324186,0.8350225703403947,2022-02-20 14:33:19.024074,[None 'horizontal_flip' 'vertical_flip' 'rotation' 'transpose' 'elastic_transformation' 'grid_distortion' 'optical_distortion' 'color_transfer' 'inpainting']
ORCA__Size-640x640_Epoch-29_Images-4181_Batch-1__random.pth,random_9_operations,train,29,0.34700670650309495,0.8462351483552824,2022-02-20 17:01:19.824377,[None 'horizontal_flip' 'vertical_flip' 'rotation' 'transpose' 'elastic_transformation' 'grid_distortion' 'optical_distortion' 'color_transfer' 'inpainting']
ORCA__Size-640x640_Epoch-29_Images-4181_Batch-1__random.pth,random_9_operations,test,29,0.367789948093099,0.8358561882592853,2022-02-20 17:01:19.824458,[None 'horizontal_flip' 'vertical_flip' 'rotation' 'transpose' 'elastic_transformation' 'grid_distortion' 'optical_distortion' 'color_transfer' 'inpainting']
ORCA__Size-640x640_Epoch-30_Images-4181_Batch-1__random.pth,random_9_operations,train,30,0.33939703945132876,0.850213988878261,2022-02-20 19:29:12.493804,[None 'horizontal_flip' 'vertical_flip' 'rotation' 'transpose' 'elastic_transformation' 'grid_distortion' 'optical_distortion' 'color_transfer' 'inpainting']
ORCA__Size-640x640_Epoch-30_Images-4181_Batch-1__random.pth,random_9_operations,test,30,0.3793355152389183,0.8279820292668029,2022-02-20 19:29:12.493839,[None 'horizontal_flip' 'vertical_flip' 'rotation' 'transpose' 'elastic_transformation' 'grid_distortion' 'optical_distortion' 'color_transfer' 'inpainting']
ORCA__Size-640x640_Epoch-31_Images-4181_Batch-1__random.pth,random_9_operations,train,31,0.3390405489329166,0.8523478234872031,2022-02-20 21:56:59.456033,[None 'horizontal_flip' 'vertical_flip' 'rotation' 'transpose' 'elastic_transformation' 'grid_distortion' 'optical_distortion' 'color_transfer' 'inpainting']
ORCA__Size-640x640_Epoch-31_Images-4181_Batch-1__random.pth,random_9_operations,test,31,0.3680514508882848,0.8341731494783516,2022-02-20 21:56:59.456084,[None 'horizontal_flip' 'vertical_flip' 'rotation' 'transpose' 'elastic_transformation' 'grid_distortion' 'optical_distortion' 'color_transfer' 'inpainting']
ORCA__Size-640x640_Epoch-32_Images-4181_Batch-1__random.pth,random_9_operations,train,32,0.3369770610218975,0.8541124662022017,2022-02-21 00:24:58.281359,[None 'horizontal_flip' 'vertical_flip' 'rotation' 'transpose' 'elastic_transformation' 'grid_distortion' 'optical_distortion' 'color_transfer' 'inpainting']
ORCA__Size-640x640_Epoch-32_Images-4181_Batch-1__random.pth,random_9_operations,test,32,0.36942511096827835,0.8351178178742561,2022-02-21 00:24:58.281421,[None 'horizontal_flip' 'vertical_flip' 'rotation' 'transpose' 'elastic_transformation' 'grid_distortion' 'optical_distortion' 'color_transfer' 'inpainting']
ORCA__Size-640x640_Epoch-33_Images-4181_Batch-1__random.pth,random_9_operations,train,33,0.33158116925566145,0.8548304492701378,2022-02-21 02:52:43.570137,[None 'horizontal_flip' 'vertical_flip' 'rotation' 'transpose' 'elastic_transformation' 'grid_distortion' 'optical_distortion' 'color_transfer' 'inpainting']
ORCA__Size-640x640_Epoch-33_Images-4181_Batch-1__random.pth,random_9_operations,test,33,0.3663736054984717,0.8377496756051612,2022-02-21 02:52:43.570200,[None 'horizontal_flip' 'vertical_flip' 'rotation' 'transpose' 'elastic_transformation' 'grid_distortion' 'optical_distortion' 'color_transfer' 'inpainting']
ORCA__Size-640x640_Epoch-34_Images-4181_Batch-1__random.pth,random_9_operations,train,34,0.33015356363768295,0.8556282010976004,2022-02-21 05:20:36.446218,[None 'horizontal_flip' 'vertical_flip' 'rotation' 'transpose' 'elastic_transformation' 'grid_distortion' 'optical_distortion' 'color_transfer' 'inpainting']
ORCA__Size-640x640_Epoch-34_Images-4181_Batch-1__random.pth,random_9_operations,test,34,0.3679603656501998,0.835682654454223,2022-02-21 05:20:36.446289,[None 'horizontal_flip' 'vertical_flip' 'rotation' 'transpose' 'elastic_transformation' 'grid_distortion' 'optical_distortion' 'color_transfer' 'inpainting']
ORCA__Size-640x640_Epoch-35_Images-4181_Batch-1__random.pth,random_9_operations,train,35,0.32724806981500265,0.8588238126859212,2022-02-21 07:48:37.364432,[None 'horizontal_flip' 'vertical_flip' 'rotation' 'transpose' 'elastic_transformation' 'grid_distortion' 'optical_distortion' 'color_transfer' 'inpainting']
ORCA__Size-640x640_Epoch-35_Images-4181_Batch-1__random.pth,random_9_operations,test,35,0.36441119358731655,0.8387168162711304,2022-02-21 07:48:37.364510,[None 'horizontal_flip' 'vertical_flip' 'rotation' 'transpose' 'elastic_transformation' 'grid_distortion' 'optical_distortion' 'color_transfer' 'inpainting']
ORCA__Size-640x640_Epoch-36_Images-4181_Batch-1__random.pth,random_9_operations,train,36,0.3286760123672676,0.8547656255839288,2022-02-21 10:16:24.877949,[None 'horizontal_flip' 'vertical_flip' 'rotation' 'transpose' 'elastic_transformation' 'grid_distortion' 'optical_distortion' 'color_transfer' 'inpainting']
ORCA__Size-640x640_Epoch-36_Images-4181_Batch-1__random.pth,random_9_operations,test,36,0.36142053072816943,0.8379107179750278,2022-02-21 10:16:24.877998,[None 'horizontal_flip' 'vertical_flip' 'rotation' 'transpose' 'elastic_transformation' 'grid_distortion' 'optical_distortion' 'color_transfer' 'inpainting']
ORCA__Size-640x640_Epoch-37_Images-4181_Batch-1__random.pth,random_9_operations,train,37,0.3247394989848518,0.858101711168269,2022-02-21 12:44:19.030270,[None 'horizontal_flip' 'vertical_flip' 'rotation' 'transpose' 'elastic_transformation' 'grid_distortion' 'optical_distortion' 'color_transfer' 'inpainting']
ORCA__Size-640x640_Epoch-37_Images-4181_Batch-1__random.pth,random_9_operations,test,37,0.35910725548860917,0.8405593664351945,2022-02-21 12:44:19.030327,[None 'horizontal_flip' 'vertical_flip' 'rotation' 'transpose' 'elastic_transformation' 'grid_distortion' 'optical_distortion' 'color_transfer' 'inpainting']
ORCA__Size-640x640_Epoch-38_Images-4181_Batch-1__random.pth,random_9_operations,train,38,0.3211362772099754,0.8608675511708467,2022-02-21 15:12:22.434011,[None 'horizontal_flip' 'vertical_flip' 'rotation' 'transpose' 'elastic_transformation' 'grid_distortion' 'optical_distortion' 'color_transfer' 'inpainting']
ORCA__Size-640x640_Epoch-38_Images-4181_Batch-1__random.pth,random_9_operations,test,38,0.35634592696035033,0.8425543587464821,2022-02-21 15:12:22.434088,[None 'horizontal_flip' 'vertical_flip' 'rotation' 'transpose' 'elastic_transformation' 'grid_distortion' 'optical_distortion' 'color_transfer' 'inpainting']
ORCA__Size-640x640_Epoch-39_Images-4181_Batch-1__random.pth,random_9_operations,train,39,0.320049471332126,0.8622024877001261,2022-02-21 17:40:09.720450,[None 'horizontal_flip' 'vertical_flip' 'rotation' 'transpose' 'elastic_transformation' 'grid_distortion' 'optical_distortion' 'color_transfer' 'inpainting']
ORCA__Size-640x640_Epoch-39_Images-4181_Batch-1__random.pth,random_9_operations,test,39,0.36687654672746306,0.8391845839333789,2022-02-21 17:40:09.720497,[None 'horizontal_flip' 'vertical_flip' 'rotation' 'transpose' 'elastic_transformation' 'grid_distortion' 'optical_distortion' 'color_transfer' 'inpainting']
ORCA__Size-640x640_Epoch-40_Images-4181_Batch-1__random.pth,random_9_operations,train,40,0.32092972818198057,0.8604788128447532,2022-02-21 20:08:08.898336,[None 'horizontal_flip' 'vertical_flip' 'rotation' 'transpose' 'elastic_transformation' 'grid_distortion' 'optical_distortion' 'color_transfer' 'inpainting']
ORCA__Size-640x640_Epoch-40_Images-4181_Batch-1__random.pth,random_9_operations,test,40,0.3597948305804305,0.8382255694834806,2022-02-21 20:08:08.898371,[None 'horizontal_flip' 'vertical_flip' 'rotation' 'transpose' 'elastic_transformation' 'grid_distortion' 'optical_distortion' 'color_transfer' 'inpainting']
ORCA__Size-640x640_Epoch-41_Images-4181_Batch-1__random.pth,random_9_operations,train,41,0.316043502842721,0.8621337762160688,2022-02-21 22:36:20.554138,[None 'horizontal_flip' 'vertical_flip' 'rotation' 'transpose' 'elastic_transformation' 'grid_distortion' 'optical_distortion' 'color_transfer' 'inpainting']
ORCA__Size-640x640_Epoch-41_Images-4181_Batch-1__random.pth,random_9_operations,test,41,0.3762139012697062,0.8311799821468415,2022-02-21 22:36:20.554213,[None 'horizontal_flip' 'vertical_flip' 'rotation' 'transpose' 'elastic_transformation' 'grid_distortion' 'optical_distortion' 'color_transfer' 'inpainting']
ORCA__Size-640x640_Epoch-42_Images-4181_Batch-1__random.pth,random_9_operations,train,42,0.32312390316735273,0.8569908322012906,2022-02-22 01:03:42.015812,[None 'horizontal_flip' 'vertical_flip' 'rotation' 'transpose' 'elastic_transformation' 'grid_distortion' 'optical_distortion' 'color_transfer' 'inpainting']
ORCA__Size-640x640_Epoch-42_Images-4181_Batch-1__random.pth,random_9_operations,test,42,0.35742278045400416,0.8415632992731459,2022-02-22 01:03:42.015892,[None 'horizontal_flip' 'vertical_flip' 'rotation' 'transpose' 'elastic_transformation' 'grid_distortion' 'optical_distortion' 'color_transfer' 'inpainting']
ORCA__Size-640x640_Epoch-43_Images-4181_Batch-1__random.pth,random_9_operations,train,43,0.31293684772432523,0.8640629595519533,2022-02-22 03:31:32.724605,[None 'horizontal_flip' 'vertical_flip' 'rotation' 'transpose' 'elastic_transformation' 'grid_distortion' 'optical_distortion' 'color_transfer' 'inpainting']
ORCA__Size-640x640_Epoch-43_Images-4181_Batch-1__random.pth,random_9_operations,test,43,0.36531985806489536,0.8392739227301745,2022-02-22 03:31:32.724655,[None 'horizontal_flip' 'vertical_flip' 'rotation' 'transpose' 'elastic_transformation' 'grid_distortion' 'optical_distortion' 'color_transfer' 'inpainting']
ORCA__Size-640x640_Epoch-44_Images-4181_Batch-1__random.pth,random_9_operations,train,44,0.3183222012911763,0.8608497874732802,2022-02-22 05:59:01.046924,[None 'horizontal_flip' 'vertical_flip' 'rotation' 'transpose' 'elastic_transformation' 'grid_distortion' 'optical_distortion' 'color_transfer' 'inpainting']
ORCA__Size-640x640_Epoch-44_Images-4181_Batch-1__random.pth,random_9_operations,test,44,0.35717379729621174,0.841954207042583,2022-02-22 05:59:01.046998,[None 'horizontal_flip' 'vertical_flip' 'rotation' 'transpose' 'elastic_transformation' 'grid_distortion' 'optical_distortion' 'color_transfer' 'inpainting']
ORCA__Size-640x640_Epoch-45_Images-4181_Batch-1__random.pth,random_9_operations,train,45,0.31937994887970816,0.8598123428063714,2022-02-22 08:26:47.135662,[None 'horizontal_flip' 'vertical_flip' 'rotation' 'transpose' 'elastic_transformation' 'grid_distortion' 'optical_distortion' 'color_transfer' 'inpainting']
ORCA__Size-640x640_Epoch-45_Images-4181_Batch-1__random.pth,random_9_operations,test,45,0.3666861078857168,0.8404149649649229,2022-02-22 08:26:47.135736,[None 'horizontal_flip' 'vertical_flip' 'rotation' 'transpose' 'elastic_transformation' 'grid_distortion' 'optical_distortion' 'color_transfer' 'inpainting']
ORCA__Size-640x640_Epoch-46_Images-4181_Batch-1__random.pth,random_9_operations,train,46,0.3129021506915811,0.8649620656504153,2022-02-22 10:54:28.655610,[None 'horizontal_flip' 'vertical_flip' 'rotation' 'transpose' 'elastic_transformation' 'grid_distortion' 'optical_distortion' 'color_transfer' 'inpainting']
ORCA__Size-640x640_Epoch-46_Images-4181_Batch-1__random.pth,random_9_operations,test,46,0.3668358134637036,0.8375154384484496,2022-02-22 10:54:28.655672,[None 'horizontal_flip' 'vertical_flip' 'rotation' 'transpose' 'elastic_transformation' 'grid_distortion' 'optical_distortion' 'color_transfer' 'inpainting']
ORCA__Size-640x640_Epoch-47_Images-4181_Batch-1__random.pth,random_9_operations,train,47,0.3070211902844834,0.8685012720304667,2022-02-22 13:22:05.238693,[None 'horizontal_flip' 'vertical_flip' 'rotation' 'transpose' 'elastic_transformation' 'grid_distortion' 'optical_distortion' 'color_transfer' 'inpainting']
ORCA__Size-640x640_Epoch-47_Images-4181_Batch-1__random.pth,random_9_operations,test,47,0.36947979997528424,0.8359631214171649,2022-02-22 13:22:05.238758,[None 'horizontal_flip' 'vertical_flip' 'rotation' 'transpose' 'elastic_transformation' 'grid_distortion' 'optical_distortion' 'color_transfer' 'inpainting']
ORCA__Size-640x640_Epoch-48_Images-4181_Batch-1__random.pth,random_9_operations,train,48,0.31029442258743195,0.8660343521800629,2022-02-22 15:49:48.491411,[None 'horizontal_flip' 'vertical_flip' 'rotation' 'transpose' 'elastic_transformation' 'grid_distortion' 'optical_distortion' 'color_transfer' 'inpainting']
ORCA__Size-640x640_Epoch-48_Images-4181_Batch-1__random.pth,random_9_operations,test,48,0.37275213269981133,0.8339155546944755,2022-02-22 15:49:48.491475,[None 'horizontal_flip' 'vertical_flip' 'rotation' 'transpose' 'elastic_transformation' 'grid_distortion' 'optical_distortion' 'color_transfer' 'inpainting']
ORCA__Size-640x640_Epoch-49_Images-4181_Batch-1__random.pth,random_9_operations,train,49,0.304398757552038,0.8683338952674705,2022-02-22 18:17:35.737262,[None 'horizontal_flip' 'vertical_flip' 'rotation' 'transpose' 'elastic_transformation' 'grid_distortion' 'optical_distortion' 'color_transfer' 'inpainting']
ORCA__Size-640x640_Epoch-49_Images-4181_Batch-1__random.pth,random_9_operations,test,49,0.37814695018043715,0.8342922695085845,2022-02-22 18:17:35.737324,[None 'horizontal_flip' 'vertical_flip' 'rotation' 'transpose' 'elastic_transformation' 'grid_distortion' 'optical_distortion' 'color_transfer' 'inpainting']
ORCA__Size-640x640_Epoch-50_Images-4181_Batch-1__random.pth,random_9_operations,train,50,0.3102999191073653,0.8657289288130106,2022-02-22 20:45:46.717038,[None 'horizontal_flip' 'vertical_flip' 'rotation' 'transpose' 'elastic_transformation' 'grid_distortion' 'optical_distortion' 'color_transfer' 'inpainting']
ORCA__Size-640x640_Epoch-50_Images-4181_Batch-1__random.pth,random_9_operations,test,50,0.37282701755884873,0.8357490279051505,2022-02-22 20:45:46.717082,[None 'horizontal_flip' 'vertical_flip' 'rotation' 'transpose' 'elastic_transformation' 'grid_distortion' 'optical_distortion' 'color_transfer' 'inpainting']
ORCA__Size-640x640_Epoch-51_Images-4181_Batch-1__random.pth,random_9_operations,train,51,0.3081833035216231,0.8657038525752662,2022-02-22 23:13:49.856213,[None 'horizontal_flip' 'vertical_flip' 'rotation' 'transpose' 'elastic_transformation' 'grid_distortion' 'optical_distortion' 'color_transfer' 'inpainting']
ORCA__Size-640x640_Epoch-51_Images-4181_Batch-1__random.pth,random_9_operations,test,51,0.36810939616459876,0.8393045865965334,2022-02-22 23:13:49.856251,[None 'horizontal_flip' 'vertical_flip' 'rotation' 'transpose' 'elastic_transformation' 'grid_distortion' 'optical_distortion' 'color_transfer' 'inpainting']
ORCA__Size-640x640_Epoch-52_Images-4181_Batch-1__random.pth,random_9_operations,train,52,0.30251267883851785,0.8692526394748943,2022-02-23 01:41:47.469051,[None 'horizontal_flip' 'vertical_flip' 'rotation' 'transpose' 'elastic_transformation' 'grid_distortion' 'optical_distortion' 'color_transfer' 'inpainting']
ORCA__Size-640x640_Epoch-52_Images-4181_Batch-1__random.pth,random_9_operations,test,52,0.37052234219039254,0.8359653813933157,2022-02-23 01:41:47.469103,[None 'horizontal_flip' 'vertical_flip' 'rotation' 'transpose' 'elastic_transformation' 'grid_distortion' 'optical_distortion' 'color_transfer' 'inpainting']
ORCA__Size-640x640_Epoch-53_Images-4181_Batch-1__random.pth,random_9_operations,train,53,0.30303527699419025,0.8680927285917691,2022-02-23 04:09:58.570672,[None 'horizontal_flip' 'vertical_flip' 'rotation' 'transpose' 'elastic_transformation' 'grid_distortion' 'optical_distortion' 'color_transfer' 'inpainting']
ORCA__Size-640x640_Epoch-53_Images-4181_Batch-1__random.pth,random_9_operations,test,53,0.35936103656757484,0.8436423721773157,2022-02-23 04:09:58.570722,[None 'horizontal_flip' 'vertical_flip' 'rotation' 'transpose' 'elastic_transformation' 'grid_distortion' 'optical_distortion' 'color_transfer' 'inpainting']
ORCA__Size-640x640_Epoch-54_Images-4181_Batch-1__random.pth,random_9_operations,train,54,0.2980653006458489,0.8726459816123183,2022-02-23 06:38:00.674459,[None 'horizontal_flip' 'vertical_flip' 'rotation' 'transpose' 'elastic_transformation' 'grid_distortion' 'optical_distortion' 'color_transfer' 'inpainting']
ORCA__Size-640x640_Epoch-54_Images-4181_Batch-1__random.pth,random_9_operations,test,54,0.367023986096884,0.839313482664655,2022-02-23 06:38:00.674520,[None 'horizontal_flip' 'vertical_flip' 'rotation' 'transpose' 'elastic_transformation' 'grid_distortion' 'optical_distortion' 'color_transfer' 'inpainting']
ORCA__Size-640x640_Epoch-55_Images-4181_Batch-1__random.pth,random_9_operations,train,55,0.2999195140723876,0.8718675735937155,2022-02-23 09:06:00.318881,[None 'horizontal_flip' 'vertical_flip' 'rotation' 'transpose' 'elastic_transformation' 'grid_distortion' 'optical_distortion' 'color_transfer' 'inpainting']
ORCA__Size-640x640_Epoch-55_Images-4181_Batch-1__random.pth,random_9_operations,test,55,0.357307161385336,0.8436603827924491,2022-02-23 09:06:00.318937,[None 'horizontal_flip' 'vertical_flip' 'rotation' 'transpose' 'elastic_transformation' 'grid_distortion' 'optical_distortion' 'color_transfer' 'inpainting']
ORCA__Size-640x640_Epoch-56_Images-4181_Batch-1__random.pth,random_9_operations,train,56,0.29836929339638857,0.8722279931255218,2022-02-23 11:34:14.095452,[None 'horizontal_flip' 'vertical_flip' 'rotation' 'transpose' 'elastic_transformation' 'grid_distortion' 'optical_distortion' 'color_transfer' 'inpainting']
ORCA__Size-640x640_Epoch-56_Images-4181_Batch-1__random.pth,random_9_operations,test,56,0.361187607528801,0.8420857547622974,2022-02-23 11:34:14.095487,[None 'horizontal_flip' 'vertical_flip' 'rotation' 'transpose' 'elastic_transformation' 'grid_distortion' 'optical_distortion' 'color_transfer' 'inpainting']
ORCA__Size-640x640_Epoch-57_Images-4181_Batch-1__random.pth,random_9_operations,train,57,0.29753301774769314,0.8727385874622559,2022-02-23 14:02:13.995203,[None 'horizontal_flip' 'vertical_flip' 'rotation' 'transpose' 'elastic_transformation' 'grid_distortion' 'optical_distortion' 'color_transfer' 'inpainting']
ORCA__Size-640x640_Epoch-57_Images-4181_Batch-1__random.pth,random_9_operations,test,57,0.37438574556107085,0.8366013314899037,2022-02-23 14:02:13.995260,[None 'horizontal_flip' 'vertical_flip' 'rotation' 'transpose' 'elastic_transformation' 'grid_distortion' 'optical_distortion' 'color_transfer' 'inpainting']
ORCA__Size-640x640_Epoch-58_Images-4181_Batch-1__random.pth,random_9_operations,train,58,0.29725933638678653,0.8720589393190565,2022-02-23 16:30:08.302893,[None 'horizontal_flip' 'vertical_flip' 'rotation' 'transpose' 'elastic_transformation' 'grid_distortion' 'optical_distortion' 'color_transfer' 'inpainting']
ORCA__Size-640x640_Epoch-58_Images-4181_Batch-1__random.pth,random_9_operations,test,58,0.38158560509023837,0.8315169468790106,2022-02-23 16:30:08.302968,[None 'horizontal_flip' 'vertical_flip' 'rotation' 'transpose' 'elastic_transformation' 'grid_distortion' 'optical_distortion' 'color_transfer' 'inpainting']
ORCA__Size-640x640_Epoch-59_Images-4181_Batch-1__random.pth,random_9_operations,train,59,0.2982964749081353,0.8715713097335807,2022-02-23 18:58:19.022359,[None 'horizontal_flip' 'vertical_flip' 'rotation' 'transpose' 'elastic_transformation' 'grid_distortion' 'optical_distortion' 'color_transfer' 'inpainting']
ORCA__Size-640x640_Epoch-59_Images-4181_Batch-1__random.pth,random_9_operations,test,59,0.3630607083370825,0.8411386961746488,2022-02-23 18:58:19.022411,[None 'horizontal_flip' 'vertical_flip' 'rotation' 'transpose' 'elastic_transformation' 'grid_distortion' 'optical_distortion' 'color_transfer' 'inpainting']
ORCA__Size-640x640_Epoch-60_Images-4181_Batch-1__random.pth,random_9_operations,train,60,0.2926642594435109,0.8754446203108162,2022-02-23 21:26:02.655103,[None 'horizontal_flip' 'vertical_flip' 'rotation' 'transpose' 'elastic_transformation' 'grid_distortion' 'optical_distortion' 'color_transfer' 'inpainting']
ORCA__Size-640x640_Epoch-60_Images-4181_Batch-1__random.pth,random_9_operations,test,60,0.3610465464017382,0.8414081743577064,2022-02-23 21:26:02.655140,[None 'horizontal_flip' 'vertical_flip' 'rotation' 'transpose' 'elastic_transformation' 'grid_distortion' 'optical_distortion' 'color_transfer' 'inpainting']
ORCA__Size-640x640_Epoch-61_Images-4181_Batch-1__random.pth,random_9_operations,train,61,0.2902349837463375,0.8774278322414683,2022-02-23 23:53:59.484443,[None 'horizontal_flip' 'vertical_flip' 'rotation' 'transpose' 'elastic_transformation' 'grid_distortion' 'optical_distortion' 'color_transfer' 'inpainting']
ORCA__Size-640x640_Epoch-61_Images-4181_Batch-1__random.pth,random_9_operations,test,61,0.352025890164202,0.846571146533627,2022-02-23 23:53:59.484477,[None 'horizontal_flip' 'vertical_flip' 'rotation' 'transpose' 'elastic_transformation' 'grid_distortion' 'optical_distortion' 'color_transfer' 'inpainting']
ORCA__Size-640x640_Epoch-62_Images-4181_Batch-1__random.pth,random_9_operations,train,62,0.29290244150087075,0.8763060554115734,2022-02-24 02:22:00.568372,[None 'horizontal_flip' 'vertical_flip' 'rotation' 'transpose' 'elastic_transformation' 'grid_distortion' 'optical_distortion' 'color_transfer' 'inpainting']
ORCA__Size-640x640_Epoch-62_Images-4181_Batch-1__random.pth,random_9_operations,test,62,0.3522280251403202,0.846286950174174,2022-02-24 02:22:00.568421,[None 'horizontal_flip' 'vertical_flip' 'rotation' 'transpose' 'elastic_transformation' 'grid_distortion' 'optical_distortion' 'color_transfer' 'inpainting']
ORCA__Size-640x640_Epoch-63_Images-4181_Batch-1__random.pth,random_9_operations,train,63,0.28905090147237783,0.8758416772863854,2022-02-24 04:49:56.903159,[None 'horizontal_flip' 'vertical_flip' 'rotation' 'transpose' 'elastic_transformation' 'grid_distortion' 'optical_distortion' 'color_transfer' 'inpainting']
ORCA__Size-640x640_Epoch-63_Images-4181_Batch-1__random.pth,random_9_operations,test,63,0.36482714315297743,0.8401663436157543,2022-02-24 04:49:56.903235,[None 'horizontal_flip' 'vertical_flip' 'rotation' 'transpose' 'elastic_transformation' 'grid_distortion' 'optical_distortion' 'color_transfer' 'inpainting']
ORCA__Size-640x640_Epoch-64_Images-4181_Batch-1__random.pth,random_9_operations,train,64,0.2865332517557067,0.8781360514361862,2022-02-24 07:17:44.096038,[None 'horizontal_flip' 'vertical_flip' 'rotation' 'transpose' 'elastic_transformation' 'grid_distortion' 'optical_distortion' 'color_transfer' 'inpainting']
ORCA__Size-640x640_Epoch-64_Images-4181_Batch-1__random.pth,random_9_operations,test,64,0.3430645807114773,0.8514419911850036,2022-02-24 07:17:44.096114,[None 'horizontal_flip' 'vertical_flip' 'rotation' 'transpose' 'elastic_transformation' 'grid_distortion' 'optical_distortion' 'color_transfer' 'inpainting']
ORCA__Size-640x640_Epoch-65_Images-4181_Batch-1__random.pth,random_9_operations,train,65,0.28559319711655834,0.8778846017745846,2022-02-24 16:07:56.184919,[None 'horizontal_flip' 'vertical_flip' 'rotation' 'transpose' 'elastic_transformation' 'grid_distortion' 'optical_distortion' 'color_transfer' 'inpainting']
ORCA__Size-640x640_Epoch-65_Images-4181_Batch-1__random.pth,random_9_operations,test,65,0.36445934615016673,0.8428044691300773,2022-02-24 16:07:56.184967,[None 'horizontal_flip' 'vertical_flip' 'rotation' 'transpose' 'elastic_transformation' 'grid_distortion' 'optical_distortion' 'color_transfer' 'inpainting']
ORCA__Size-640x640_Epoch-66_Images-4181_Batch-1__random.pth,random_9_operations,train,66,0.28090275942540177,0.8810627492208065,2022-02-24 18:35:00.376766,[None 'horizontal_flip' 'vertical_flip' 'rotation' 'transpose' 'elastic_transformation' 'grid_distortion' 'optical_distortion' 'color_transfer' 'inpainting']
ORCA__Size-640x640_Epoch-66_Images-4181_Batch-1__random.pth,random_9_operations,test,66,0.3660322834553246,0.8439737997499861,2022-02-24 18:35:00.376809,[None 'horizontal_flip' 'vertical_flip' 'rotation' 'transpose' 'elastic_transformation' 'grid_distortion' 'optical_distortion' 'color_transfer' 'inpainting']
ORCA__Size-640x640_Epoch-67_Images-4181_Batch-1__random.pth,random_9_operations,train,67,0.28865218594874337,0.8782968397307028,2022-02-24 21:02:10.886514,[None 'horizontal_flip' 'vertical_flip' 'rotation' 'transpose' 'elastic_transformation' 'grid_distortion' 'optical_distortion' 'color_transfer' 'inpainting']
ORCA__Size-640x640_Epoch-67_Images-4181_Batch-1__random.pth,random_9_operations,test,67,0.3662414457455703,0.8405963362234312,2022-02-24 21:02:10.886549,[None 'horizontal_flip' 'vertical_flip' 'rotation' 'transpose' 'elastic_transformation' 'grid_distortion' 'optical_distortion' 'color_transfer' 'inpainting']
ORCA__Size-640x640_Epoch-68_Images-4181_Batch-1__random.pth,random_9_operations,train,68,0.28432104737513236,0.8788286522876929,2022-02-24 23:29:08.844428,[None 'horizontal_flip' 'vertical_flip' 'rotation' 'transpose' 'elastic_transformation' 'grid_distortion' 'optical_distortion' 'color_transfer' 'inpainting']
ORCA__Size-640x640_Epoch-68_Images-4181_Batch-1__random.pth,random_9_operations,test,68,0.36265033339088937,0.8391537549819736,2022-02-24 23:29:08.844477,[None 'horizontal_flip' 'vertical_flip' 'rotation' 'transpose' 'elastic_transformation' 'grid_distortion' 'optical_distortion' 'color_transfer' 'inpainting']
ORCA__Size-640x640_Epoch-69_Images-4181_Batch-1__random.pth,random_9_operations,train,69,0.28087932286789397,0.8803105706992965,2022-02-25 01:56:15.635498,[None 'horizontal_flip' 'vertical_flip' 'rotation' 'transpose' 'elastic_transformation' 'grid_distortion' 'optical_distortion' 'color_transfer' 'inpainting']
ORCA__Size-640x640_Epoch-69_Images-4181_Batch-1__random.pth,random_9_operations,test,69,0.3709515327892414,0.8389808292129253,2022-02-25 01:56:15.635572,[None 'horizontal_flip' 'vertical_flip' 'rotation' 'transpose' 'elastic_transformation' 'grid_distortion' 'optical_distortion' 'color_transfer' 'inpainting']
ORCA__Size-640x640_Epoch-70_Images-4181_Batch-1__random.pth,random_9_operations,train,70,0.2833509287002584,0.8784399063705226,2022-02-25 04:23:32.244220,[None 'horizontal_flip' 'vertical_flip' 'rotation' 'transpose' 'elastic_transformation' 'grid_distortion' 'optical_distortion' 'color_transfer' 'inpainting']
ORCA__Size-640x640_Epoch-70_Images-4181_Batch-1__random.pth,random_9_operations,test,70,0.34803434285680046,0.8504756416196516,2022-02-25 04:23:32.244275,[None 'horizontal_flip' 'vertical_flip' 'rotation' 'transpose' 'elastic_transformation' 'grid_distortion' 'optical_distortion' 'color_transfer' 'inpainting']
ORCA__Size-640x640_Epoch-71_Images-4181_Batch-1__random.pth,random_9_operations,train,71,0.28139930771304267,0.8805315632194002,2022-02-25 06:50:38.073384,[None 'horizontal_flip' 'vertical_flip' 'rotation' 'transpose' 'elastic_transformation' 'grid_distortion' 'optical_distortion' 'color_transfer' 'inpainting']
ORCA__Size-640x640_Epoch-71_Images-4181_Batch-1__random.pth,random_9_operations,test,71,0.3459572330524796,0.848758689575604,2022-02-25 06:50:38.073432,[None 'horizontal_flip' 'vertical_flip' 'rotation' 'transpose' 'elastic_transformation' 'grid_distortion' 'optical_distortion' 'color_transfer' 'inpainting']
ORCA__Size-640x640_Epoch-72_Images-4181_Batch-1__random.pth,random_9_operations,train,72,0.2729442570188333,0.8852361513113652,2022-02-25 09:17:48.115916,[None 'horizontal_flip' 'vertical_flip' 'rotation' 'transpose' 'elastic_transformation' 'grid_distortion' 'optical_distortion' 'color_transfer' 'inpainting']
ORCA__Size-640x640_Epoch-72_Images-4181_Batch-1__random.pth,random_9_operations,test,72,0.3606114256998187,0.8449671824003446,2022-02-25 09:17:48.115954,[None 'horizontal_flip' 'vertical_flip' 'rotation' 'transpose' 'elastic_transformation' 'grid_distortion' 'optical_distortion' 'color_transfer' 'inpainting']
ORCA__Size-640x640_Epoch-73_Images-4181_Batch-1__random.pth,random_9_operations,train,73,0.27901375159396036,0.8822178660486081,2022-02-25 11:45:23.059049,[None 'horizontal_flip' 'vertical_flip' 'rotation' 'transpose' 'elastic_transformation' 'grid_distortion' 'optical_distortion' 'color_transfer' 'inpainting']
ORCA__Size-640x640_Epoch-73_Images-4181_Batch-1__random.pth,random_9_operations,test,73,0.39424861597248073,0.8278006155111534,2022-02-25 11:45:23.059112,[None 'horizontal_flip' 'vertical_flip' 'rotation' 'transpose' 'elastic_transformation' 'grid_distortion' 'optical_distortion' 'color_transfer' 'inpainting']
ORCA__Size-640x640_Epoch-74_Images-4181_Batch-1__random.pth,random_9_operations,train,74,0.2800550008832177,0.8806634703962134,2022-02-25 14:12:33.956074,[None 'horizontal_flip' 'vertical_flip' 'rotation' 'transpose' 'elastic_transformation' 'grid_distortion' 'optical_distortion' 'color_transfer' 'inpainting']
ORCA__Size-640x640_Epoch-74_Images-4181_Batch-1__random.pth,random_9_operations,test,74,0.3580980216872294,0.8459439868071454,2022-02-25 14:12:33.956136,[None 'horizontal_flip' 'vertical_flip' 'rotation' 'transpose' 'elastic_transformation' 'grid_distortion' 'optical_distortion' 'color_transfer' 'inpainting']
ORCA__Size-640x640_Epoch-75_Images-4181_Batch-1__random.pth,random_9_operations,train,75,0.2797048060828007,0.8805921814505004,2022-02-25 16:39:42.630900,[None 'horizontal_flip' 'vertical_flip' 'rotation' 'transpose' 'elastic_transformation' 'grid_distortion' 'optical_distortion' 'color_transfer' 'inpainting']
ORCA__Size-640x640_Epoch-75_Images-4181_Batch-1__random.pth,random_9_operations,test,75,0.3584200124176503,0.8448622111937921,2022-02-25 16:39:42.630978,[None 'horizontal_flip' 'vertical_flip' 'rotation' 'transpose' 'elastic_transformation' 'grid_distortion' 'optical_distortion' 'color_transfer' 'inpainting']
ORCA__Size-640x640_Epoch-76_Images-4181_Batch-1__random.pth,random_9_operations,train,76,0.2769053217796112,0.8825387559373906,2022-02-25 19:07:26.505965,[None 'horizontal_flip' 'vertical_flip' 'rotation' 'transpose' 'elastic_transformation' 'grid_distortion' 'optical_distortion' 'color_transfer' 'inpainting']
ORCA__Size-640x640_Epoch-76_Images-4181_Batch-1__random.pth,random_9_operations,test,76,0.3607781982620693,0.8474830736067941,2022-02-25 19:07:26.506027,[None 'horizontal_flip' 'vertical_flip' 'rotation' 'transpose' 'elastic_transformation' 'grid_distortion' 'optical_distortion' 'color_transfer' 'inpainting']
ORCA__Size-640x640_Epoch-77_Images-4181_Batch-1__random.pth,random_9_operations,train,77,0.28200740907312283,0.8805902194497804,2022-02-25 21:34:43.488495,[None 'horizontal_flip' 'vertical_flip' 'rotation' 'transpose' 'elastic_transformation' 'grid_distortion' 'optical_distortion' 'color_transfer' 'inpainting']
ORCA__Size-640x640_Epoch-77_Images-4181_Batch-1__random.pth,random_9_operations,test,77,0.36726861219398826,0.8414954433258116,2022-02-25 21:34:43.488556,[None 'horizontal_flip' 'vertical_flip' 'rotation' 'transpose' 'elastic_transformation' 'grid_distortion' 'optical_distortion' 'color_transfer' 'inpainting']
ORCA__Size-640x640_Epoch-78_Images-4181_Batch-1__random.pth,random_9_operations,train,78,0.27738570747006025,0.8821034889978495,2022-02-26 00:02:08.530927,[None 'horizontal_flip' 'vertical_flip' 'rotation' 'transpose' 'elastic_transformation' 'grid_distortion' 'optical_distortion' 'color_transfer' 'inpainting']
ORCA__Size-640x640_Epoch-78_Images-4181_Batch-1__random.pth,random_9_operations,test,78,0.36922747644368636,0.8429214414201989,2022-02-26 00:02:08.530964,[None 'horizontal_flip' 'vertical_flip' 'rotation' 'transpose' 'elastic_transformation' 'grid_distortion' 'optical_distortion' 'color_transfer' 'inpainting']
ORCA__Size-640x640_Epoch-79_Images-4181_Batch-1__random.pth,random_9_operations,train,79,0.27578119391562533,0.8826493619760533,2022-02-26 02:29:16.716851,[None 'horizontal_flip' 'vertical_flip' 'rotation' 'transpose' 'elastic_transformation' 'grid_distortion' 'optical_distortion' 'color_transfer' 'inpainting']
ORCA__Size-640x640_Epoch-79_Images-4181_Batch-1__random.pth,random_9_operations,test,79,0.3738597445513141,0.8400217601705459,2022-02-26 02:29:16.716924,[None 'horizontal_flip' 'vertical_flip' 'rotation' 'transpose' 'elastic_transformation' 'grid_distortion' 'optical_distortion' 'color_transfer' 'inpainting']
ORCA__Size-640x640_Epoch-80_Images-4181_Batch-1__random.pth,random_9_operations,train,80,0.27542813661096394,0.8831722240726292,2022-02-26 04:56:23.798904,[None 'horizontal_flip' 'vertical_flip' 'rotation' 'transpose' 'elastic_transformation' 'grid_distortion' 'optical_distortion' 'color_transfer' 'inpainting']
ORCA__Size-640x640_Epoch-80_Images-4181_Batch-1__random.pth,random_9_operations,test,80,0.3609360685036637,0.8440434313150299,2022-02-26 04:56:23.798958,[None 'horizontal_flip' 'vertical_flip' 'rotation' 'transpose' 'elastic_transformation' 'grid_distortion' 'optical_distortion' 'color_transfer' 'inpainting']
ORCA__Size-640x640_Epoch-81_Images-4181_Batch-1__random.pth,random_9_operations,train,81,0.27389685197848507,0.8843568491576482,2022-02-26 07:23:52.904620,[None 'horizontal_flip' 'vertical_flip' 'rotation' 'transpose' 'elastic_transformation' 'grid_distortion' 'optical_distortion' 'color_transfer' 'inpainting']
ORCA__Size-640x640_Epoch-81_Images-4181_Batch-1__random.pth,random_9_operations,test,81,0.3428229610802499,0.851169773026041,2022-02-26 07:23:52.904670,[None 'horizontal_flip' 'vertical_flip' 'rotation' 'transpose' 'elastic_transformation' 'grid_distortion' 'optical_distortion' 'color_transfer' 'inpainting']
ORCA__Size-640x640_Epoch-82_Images-4181_Batch-1__random.pth,random_9_operations,train,82,0.277107997851224,0.8814949178342115,2022-02-26 09:51:16.158867,[None 'horizontal_flip' 'vertical_flip' 'rotation' 'transpose' 'elastic_transformation' 'grid_distortion' 'optical_distortion' 'color_transfer' 'inpainting']
ORCA__Size-640x640_Epoch-82_Images-4181_Batch-1__random.pth,random_9_operations,test,82,0.3627404666648539,0.8441849102896283,2022-02-26 09:51:16.158943,[None 'horizontal_flip' 'vertical_flip' 'rotation' 'transpose' 'elastic_transformation' 'grid_distortion' 'optical_distortion' 'color_transfer' 'inpainting']
ORCA__Size-640x640_Epoch-83_Images-4181_Batch-1__random.pth,random_9_operations,train,83,0.27561764564412816,0.88381213177451,2022-02-26 12:18:35.689129,[None 'horizontal_flip' 'vertical_flip' 'rotation' 'transpose' 'elastic_transformation' 'grid_distortion' 'optical_distortion' 'color_transfer' 'inpainting']
ORCA__Size-640x640_Epoch-83_Images-4181_Batch-1__random.pth,random_9_operations,test,83,0.3588201284158748,0.8421527449665972,2022-02-26 12:18:35.689186,[None 'horizontal_flip' 'vertical_flip' 'rotation' 'transpose' 'elastic_transformation' 'grid_distortion' 'optical_distortion' 'color_transfer' 'inpainting']
ORCA__Size-640x640_Epoch-84_Images-4181_Batch-1__random.pth,random_9_operations,train,84,0.26987011920488324,0.8850301301413771,2022-02-26 14:45:54.065584,[None 'horizontal_flip' 'vertical_flip' 'rotation' 'transpose' 'elastic_transformation' 'grid_distortion' 'optical_distortion' 'color_transfer' 'inpainting']
ORCA__Size-640x640_Epoch-84_Images-4181_Batch-1__random.pth,random_9_operations,test,84,0.35689912226578585,0.8442271164883686,2022-02-26 14:45:54.065683,[None 'horizontal_flip' 'vertical_flip' 'rotation' 'transpose' 'elastic_transformation' 'grid_distortion' 'optical_distortion' 'color_transfer' 'inpainting']
ORCA__Size-640x640_Epoch-85_Images-4181_Batch-1__random.pth,random_9_operations,train,85,0.26833950589582256,0.8861043045127877,2022-02-26 17:13:06.028519,[None 'horizontal_flip' 'vertical_flip' 'rotation' 'transpose' 'elastic_transformation' 'grid_distortion' 'optical_distortion' 'color_transfer' 'inpainting']
ORCA__Size-640x640_Epoch-85_Images-4181_Batch-1__random.pth,random_9_operations,test,85,0.3536971041885315,0.8479302388731624,2022-02-26 17:13:06.028564,[None 'horizontal_flip' 'vertical_flip' 'rotation' 'transpose' 'elastic_transformation' 'grid_distortion' 'optical_distortion' 'color_transfer' 'inpainting']
ORCA__Size-640x640_Epoch-86_Images-4181_Batch-1__random.pth,random_9_operations,train,86,0.26762694073495713,0.88664857460648,2022-02-26 19:40:15.659625,[None 'horizontal_flip' 'vertical_flip' 'rotation' 'transpose' 'elastic_transformation' 'grid_distortion' 'optical_distortion' 'color_transfer' 'inpainting']
ORCA__Size-640x640_Epoch-86_Images-4181_Batch-1__random.pth,random_9_operations,test,86,0.3525726851133043,0.850193226871094,2022-02-26 19:40:15.659687,[None 'horizontal_flip' 'vertical_flip' 'rotation' 'transpose' 'elastic_transformation' 'grid_distortion' 'optical_distortion' 'color_transfer' 'inpainting']
ORCA__Size-640x640_Epoch-87_Images-4181_Batch-1__random.pth,random_9_operations,train,87,0.27113655794174,0.8869455975740344,2022-02-26 22:07:34.797075,[None 'horizontal_flip' 'vertical_flip' 'rotation' 'transpose' 'elastic_transformation' 'grid_distortion' 'optical_distortion' 'color_transfer' 'inpainting']
ORCA__Size-640x640_Epoch-87_Images-4181_Batch-1__random.pth,random_9_operations,test,87,0.3604417448471404,0.8451152064794419,2022-02-26 22:07:34.797136,[None 'horizontal_flip' 'vertical_flip' 'rotation' 'transpose' 'elastic_transformation' 'grid_distortion' 'optical_distortion' 'color_transfer' 'inpainting']
ORCA__Size-640x640_Epoch-88_Images-4181_Batch-1__random.pth,random_9_operations,train,88,0.26933583984248605,0.8863429410250623,2022-02-27 00:34:41.453328,[None 'horizontal_flip' 'vertical_flip' 'rotation' 'transpose' 'elastic_transformation' 'grid_distortion' 'optical_distortion' 'color_transfer' 'inpainting']
ORCA__Size-640x640_Epoch-88_Images-4181_Batch-1__random.pth,random_9_operations,test,88,0.3495224914572762,0.851043346211784,2022-02-27 00:34:41.453404,[None 'horizontal_flip' 'vertical_flip' 'rotation' 'transpose' 'elastic_transformation' 'grid_distortion' 'optical_distortion' 'color_transfer' 'inpainting']
ORCA__Size-640x640_Epoch-89_Images-4181_Batch-1__random.pth,random_9_operations,train,89,0.2742350793364989,0.8824804880196515,2022-02-27 03:02:19.338381,[None 'horizontal_flip' 'vertical_flip' 'rotation' 'transpose' 'elastic_transformation' 'grid_distortion' 'optical_distortion' 'color_transfer' 'inpainting']
ORCA__Size-640x640_Epoch-89_Images-4181_Batch-1__random.pth,random_9_operations,test,89,0.35333218167917757,0.8474043928749513,2022-02-27 03:02:19.338443,[None 'horizontal_flip' 'vertical_flip' 'rotation' 'transpose' 'elastic_transformation' 'grid_distortion' 'optical_distortion' 'color_transfer' 'inpainting']
ORCA__Size-640x640_Epoch-90_Images-4181_Batch-1__random.pth,random_9_operations,train,90,0.26945368279711873,0.8868014448266722,2022-02-27 05:29:19.051672,[None 'horizontal_flip' 'vertical_flip' 'rotation' 'transpose' 'elastic_transformation' 'grid_distortion' 'optical_distortion' 'color_transfer' 'inpainting']
ORCA__Size-640x640_Epoch-90_Images-4181_Batch-1__random.pth,random_9_operations,test,90,0.35389242236070373,0.8504657708414705,2022-02-27 05:29:19.051733,[None 'horizontal_flip' 'vertical_flip' 'rotation' 'transpose' 'elastic_transformation' 'grid_distortion' 'optical_distortion' 'color_transfer' 'inpainting']
ORCA__Size-640x640_Epoch-91_Images-4181_Batch-1__random.pth,random_9_operations,train,91,0.2680155275133611,0.8863248590863041,2022-02-27 07:56:32.575893,[None 'horizontal_flip' 'vertical_flip' 'rotation' 'transpose' 'elastic_transformation' 'grid_distortion' 'optical_distortion' 'color_transfer' 'inpainting']
ORCA__Size-640x640_Epoch-91_Images-4181_Batch-1__random.pth,random_9_operations,test,91,0.35005186023400536,0.8507318154734939,2022-02-27 07:56:32.575943,[None 'horizontal_flip' 'vertical_flip' 'rotation' 'transpose' 'elastic_transformation' 'grid_distortion' 'optical_distortion' 'color_transfer' 'inpainting']
ORCA__Size-640x640_Epoch-92_Images-4181_Batch-1__random.pth,random_9_operations,train,92,0.2662196210452998,0.8869578378892252,2022-02-27 10:23:37.061283,[None 'horizontal_flip' 'vertical_flip' 'rotation' 'transpose' 'elastic_transformation' 'grid_distortion' 'optical_distortion' 'color_transfer' 'inpainting']
ORCA__Size-640x640_Epoch-92_Images-4181_Batch-1__random.pth,random_9_operations,test,92,0.36381865451617434,0.8426695717639425,2022-02-27 10:23:37.061343,[None 'horizontal_flip' 'vertical_flip' 'rotation' 'transpose' 'elastic_transformation' 'grid_distortion' 'optical_distortion' 'color_transfer' 'inpainting']
ORCA__Size-640x640_Epoch-93_Images-4181_Batch-1__random.pth,random_9_operations,train,93,0.26635889053411327,0.888379871484284,2022-02-27 12:50:45.229196,[None 'horizontal_flip' 'vertical_flip' 'rotation' 'transpose' 'elastic_transformation' 'grid_distortion' 'optical_distortion' 'color_transfer' 'inpainting']
ORCA__Size-640x640_Epoch-93_Images-4181_Batch-1__random.pth,random_9_operations,test,93,0.3592675349541479,0.846548955943323,2022-02-27 12:50:45.229245,[None 'horizontal_flip' 'vertical_flip' 'rotation' 'transpose' 'elastic_transformation' 'grid_distortion' 'optical_distortion' 'color_transfer' 'inpainting']
ORCA__Size-640x640_Epoch-94_Images-4181_Batch-1__random.pth,random_9_operations,train,94,0.26378419140433546,0.8890944122920287,2022-02-27 23:56:45.928893,[None 'horizontal_flip' 'vertical_flip' 'rotation' 'transpose' 'elastic_transformation' 'grid_distortion' 'optical_distortion' 'color_transfer' 'inpainting']
ORCA__Size-640x640_Epoch-94_Images-4181_Batch-1__random.pth,random_9_operations,test,94,0.3504352870598249,0.8478699713896181,2022-02-27 23:56:45.928955,[None 'horizontal_flip' 'vertical_flip' 'rotation' 'transpose' 'elastic_transformation' 'grid_distortion' 'optical_distortion' 'color_transfer' 'inpainting']
ORCA__Size-640x640_Epoch-95_Images-4181_Batch-1__random.pth,random_9_operations,train,95,0.264397160573672,0.8900732421874996,2022-02-28 02:25:05.578367,[None 'horizontal_flip' 'vertical_flip' 'rotation' 'transpose' 'elastic_transformation' 'grid_distortion' 'optical_distortion' 'color_transfer' 'inpainting']
ORCA__Size-640x640_Epoch-95_Images-4181_Batch-1__random.pth,random_9_operations,test,95,0.3658851046959814,0.8458557404048008,2022-02-28 02:25:05.578400,[None 'horizontal_flip' 'vertical_flip' 'rotation' 'transpose' 'elastic_transformation' 'grid_distortion' 'optical_distortion' 'color_transfer' 'inpainting']
ORCA__Size-640x640_Epoch-96_Images-4181_Batch-1__random.pth,random_9_operations,train,96,0.2660070823930307,0.8880231645716857,2022-02-28 04:53:16.888614,[None 'horizontal_flip' 'vertical_flip' 'rotation' 'transpose' 'elastic_transformation' 'grid_distortion' 'optical_distortion' 'color_transfer' 'inpainting']
ORCA__Size-640x640_Epoch-96_Images-4181_Batch-1__random.pth,random_9_operations,test,96,0.356000953594618,0.8464761932107442,2022-02-28 04:53:16.888649,[None 'horizontal_flip' 'vertical_flip' 'rotation' 'transpose' 'elastic_transformation' 'grid_distortion' 'optical_distortion' 'color_transfer' 'inpainting']
ORCA__Size-640x640_Epoch-97_Images-4181_Batch-1__random.pth,random_9_operations,train,97,0.26362987557876943,0.8890715853479665,2022-02-28 07:21:22.992126,[None 'horizontal_flip' 'vertical_flip' 'rotation' 'transpose' 'elastic_transformation' 'grid_distortion' 'optical_distortion' 'color_transfer' 'inpainting']
ORCA__Size-640x640_Epoch-97_Images-4181_Batch-1__random.pth,random_9_operations,test,97,0.3419049148919812,0.851601652397799,2022-02-28 07:21:22.992173,[None 'horizontal_flip' 'vertical_flip' 'rotation' 'transpose' 'elastic_transformation' 'grid_distortion' 'optical_distortion' 'color_transfer' 'inpainting']
ORCA__Size-640x640_Epoch-98_Images-4181_Batch-1__random.pth,random_9_operations,train,98,0.2637311922730662,0.8891134559614978,2022-02-28 09:49:28.977138,[None 'horizontal_flip' 'vertical_flip' 'rotation' 'transpose' 'elastic_transformation' 'grid_distortion' 'optical_distortion' 'color_transfer' 'inpainting']
ORCA__Size-640x640_Epoch-98_Images-4181_Batch-1__random.pth,random_9_operations,test,98,0.35496648649585943,0.8469547257256342,2022-02-28 09:49:28.977186,[None 'horizontal_flip' 'vertical_flip' 'rotation' 'transpose' 'elastic_transformation' 'grid_distortion' 'optical_distortion' 'color_transfer' 'inpainting']
ORCA__Size-640x640_Epoch-99_Images-4181_Batch-1__random.pth,random_9_operations,train,99,0.2633774133693272,0.8897667607414865,2022-02-28 12:17:48.732538,[None 'horizontal_flip' 'vertical_flip' 'rotation' 'transpose' 'elastic_transformation' 'grid_distortion' 'optical_distortion' 'color_transfer' 'inpainting']
ORCA__Size-640x640_Epoch-99_Images-4181_Batch-1__random.pth,random_9_operations,test,99,0.35397362140088584,0.8486958853396632,2022-02-28 12:17:48.732613,[None 'horizontal_flip' 'vertical_flip' 'rotation' 'transpose' 'elastic_transformation' 'grid_distortion' 'optical_distortion' 'color_transfer' 'inpainting']
ORCA__Size-640x640_Epoch-100_Images-4181_Batch-1__random.pth,random_9_operations,train,100,0.26803321418397197,0.8875606123918124,2022-02-28 14:46:16.850997,[None 'horizontal_flip' 'vertical_flip' 'rotation' 'transpose' 'elastic_transformation' 'grid_distortion' 'optical_distortion' 'color_transfer' 'inpainting']
ORCA__Size-640x640_Epoch-100_Images-4181_Batch-1__random.pth,random_9_operations,test,100,0.35554203062566214,0.8472688079268731,2022-02-28 14:46:16.851072,[None 'horizontal_flip' 'vertical_flip' 'rotation' 'transpose' 'elastic_transformation' 'grid_distortion' 'optical_distortion' 'color_transfer' 'inpainting']
ORCA__Size-640x640_Epoch-1_Images-4181_Batch-1__standard_8_operations.pth,standard_8_operations,train,1,0.5722715740097222,0.6697947723892334,2021-12-19 23:03:13.271565,[None]
ORCA__Size-640x640_Epoch-1_Images-4181_Batch-1__standard_8_operations.pth,standard_8_operations,test,1,0.5714383295167107,0.682562090501912,2021-12-19 23:03:13.271623,[None]
ORCA__Size-640x640_Epoch-2_Images-4181_Batch-1__standard_8_operations.pth,standard_8_operations,train,2,0.5226335679496114,0.7145753331196906,2022-03-01 17:13:40.079772,[None 'horizontal_flip' 'vertical_flip' 'rotation' 'transpose' 'grid_distortion' 'optical_distortion' 'color_transfer' 'inpainting']
ORCA__Size-640x640_Epoch-2_Images-4181_Batch-1__standard_8_operations.pth,standard_8_operations,test,2,0.5009977394958953,0.7541668626257033,2022-03-01 17:13:40.079833,[None 'horizontal_flip' 'vertical_flip' 'rotation' 'transpose' 'grid_distortion' 'optical_distortion' 'color_transfer' 'inpainting']
ORCA__Size-640x640_Epoch-3_Images-4181_Batch-1__standard_8_operations.pth,standard_8_operations,train,3,0.47641289214737476,0.7533698827984856,2022-03-01 21:10:17.331411,[None 'horizontal_flip' 'vertical_flip' 'rotation' 'transpose' 'grid_distortion' 'optical_distortion' 'color_transfer' 'inpainting']
ORCA__Size-640x640_Epoch-3_Images-4181_Batch-1__standard_8_operations.pth,standard_8_operations,test,3,0.43905606349446735,0.7901662106759787,2022-03-01 21:10:17.331472,[None 'horizontal_flip' 'vertical_flip' 'rotation' 'transpose' 'grid_distortion' 'optical_distortion' 'color_transfer' 'inpainting']
ORCA__Size-640x640_Epoch-4_Images-4181_Batch-1__standard_8_operations.pth,standard_8_operations,train,4,0.4361574497493552,0.78441666215095,2022-03-01 23:10:17.771250,[None 'horizontal_flip' 'vertical_flip' 'rotation' 'transpose' 'grid_distortion' 'optical_distortion' 'color_transfer' 'inpainting']
ORCA__Size-640x640_Epoch-4_Images-4181_Batch-1__standard_8_operations.pth,standard_8_operations,test,4,0.42037943411594364,0.8038107578351662,2022-03-01 23:10:17.771312,[None 'horizontal_flip' 'vertical_flip' 'rotation' 'transpose' 'grid_distortion' 'optical_distortion' 'color_transfer' 'inpainting']
ORCA__Size-640x640_Epoch-5_Images-4181_Batch-1__standard_8_operations.pth,standard_8_operations,train,5,0.4070333833303913,0.8092039555803033,2022-03-02 01:10:54.579762,[None 'horizontal_flip' 'vertical_flip' 'rotation' 'transpose' 'grid_distortion' 'optical_distortion' 'color_transfer' 'inpainting']
ORCA__Size-640x640_Epoch-5_Images-4181_Batch-1__standard_8_operations.pth,standard_8_operations,test,5,0.4193193062099062,0.80980123651424,2022-03-02 01:10:54.579817,[None 'horizontal_flip' 'vertical_flip' 'rotation' 'transpose' 'grid_distortion' 'optical_distortion' 'color_transfer' 'inpainting']
ORCA__Size-640x640_Epoch-6_Images-4181_Batch-1__standard_8_operations.pth,standard_8_operations,train,6,0.39589225625919117,0.8177958288331858,2022-03-02 03:10:57.390297,[None 'horizontal_flip' 'vertical_flip' 'rotation' 'transpose' 'grid_distortion' 'optical_distortion' 'color_transfer' 'inpainting']
ORCA__Size-640x640_Epoch-6_Images-4181_Batch-1__standard_8_operations.pth,standard_8_operations,test,6,0.4139794393421164,0.8134468504606268,2022-03-02 03:10:57.390343,[None 'horizontal_flip' 'vertical_flip' 'rotation' 'transpose' 'grid_distortion' 'optical_distortion' 'color_transfer' 'inpainting']
ORCA__Size-640x640_Epoch-7_Images-4181_Batch-1__standard_8_operations.pth,standard_8_operations,train,7,0.39191374519411754,0.8214520072435202,2022-03-02 05:11:06.438895,[None 'horizontal_flip' 'vertical_flip' 'rotation' 'transpose' 'grid_distortion' 'optical_distortion' 'color_transfer' 'inpainting']
ORCA__Size-640x640_Epoch-7_Images-4181_Batch-1__standard_8_operations.pth,standard_8_operations,test,7,0.4079768100387216,0.8145039815462158,2022-03-02 05:11:06.438930,[None 'horizontal_flip' 'vertical_flip' 'rotation' 'transpose' 'grid_distortion' 'optical_distortion' 'color_transfer' 'inpainting']
ORCA__Size-640x640_Epoch-8_Images-4181_Batch-1__standard_8_operations.pth,standard_8_operations,train,8,0.4511895755738469,0.7730954561231248,2022-03-02 07:19:08.991790,[None 'horizontal_flip' 'vertical_flip' 'rotation' 'transpose' 'grid_distortion' 'optical_distortion' 'color_transfer' 'inpainting']
ORCA__Size-640x640_Epoch-8_Images-4181_Batch-1__standard_8_operations.pth,standard_8_operations,test,8,0.438970407887984,0.7894429267759019,2022-03-02 07:19:08.991844,[None 'horizontal_flip' 'vertical_flip' 'rotation' 'transpose' 'grid_distortion' 'optical_distortion' 'color_transfer' 'inpainting']
ORCA__Size-640x640_Epoch-9_Images-4181_Batch-1__standard_8_operations.pth,standard_8_operations,train,9,0.3774866952091505,0.828103826742255,2022-03-02 09:43:27.621011,[None 'horizontal_flip' 'vertical_flip' 'rotation' 'transpose' 'grid_distortion' 'optical_distortion' 'color_transfer' 'inpainting']
ORCA__Size-640x640_Epoch-9_Images-4181_Batch-1__standard_8_operations.pth,standard_8_operations,test,9,0.4141281811436075,0.8135914725891259,2022-03-02 09:43:27.621059,[None 'horizontal_flip' 'vertical_flip' 'rotation' 'transpose' 'grid_distortion' 'optical_distortion' 'color_transfer' 'inpainting']
ORCA__Size-640x640_Epoch-10_Images-4181_Batch-1__standard_8_operations.pth,standard_8_operations,train,10,0.3603229432473041,0.8381930732498969,2022-03-02 11:47:40.962898,[None 'horizontal_flip' 'vertical_flip' 'rotation' 'transpose' 'grid_distortion' 'optical_distortion' 'color_transfer' 'inpainting']
ORCA__Size-640x640_Epoch-10_Images-4181_Batch-1__standard_8_operations.pth,standard_8_operations,test,10,0.41998945335098753,0.8139878728415824,2022-03-02 11:47:40.962958,[None 'horizontal_flip' 'vertical_flip' 'rotation' 'transpose' 'grid_distortion' 'optical_distortion' 'color_transfer' 'inpainting']
ORCA__Size-640x640_Epoch-11_Images-4181_Batch-1__standard_8_operations.pth,standard_8_operations,train,11,0.35603055669071854,0.8411541626881652,2022-03-02 13:51:58.393463,[None 'horizontal_flip' 'vertical_flip' 'rotation' 'transpose' 'grid_distortion' 'optical_distortion' 'color_transfer' 'inpainting']
ORCA__Size-640x640_Epoch-11_Images-4181_Batch-1__standard_8_operations.pth,standard_8_operations,test,11,0.42223185053291834,0.8129648489804181,2022-03-02 13:51:58.393523,[None 'horizontal_flip' 'vertical_flip' 'rotation' 'transpose' 'grid_distortion' 'optical_distortion' 'color_transfer' 'inpainting']
ORCA__Size-640x640_Epoch-12_Images-4181_Batch-1__standard_8_operations.pth,standard_8_operations,train,12,0.348223982872457,0.8452669582262063,2022-03-02 15:56:23.582573,[None 'horizontal_flip' 'vertical_flip' 'rotation' 'transpose' 'grid_distortion' 'optical_distortion' 'color_transfer' 'inpainting']
ORCA__Size-640x640_Epoch-12_Images-4181_Batch-1__standard_8_operations.pth,standard_8_operations,test,12,0.4321367999572449,0.809022089577872,2022-03-02 15:56:23.582648,[None 'horizontal_flip' 'vertical_flip' 'rotation' 'transpose' 'grid_distortion' 'optical_distortion' 'color_transfer' 'inpainting']
ORCA__Size-640x640_Epoch-13_Images-4181_Batch-1__standard_8_operations.pth,standard_8_operations,train,13,0.34174015066753277,0.8485159140447494,2022-03-02 18:01:28.503102,[None 'horizontal_flip' 'vertical_flip' 'rotation' 'transpose' 'grid_distortion' 'optical_distortion' 'color_transfer' 'inpainting']
ORCA__Size-640x640_Epoch-13_Images-4181_Batch-1__standard_8_operations.pth,standard_8_operations,test,13,0.43142517409259334,0.8092943093713417,2022-03-02 18:01:28.503176,[None 'horizontal_flip' 'vertical_flip' 'rotation' 'transpose' 'grid_distortion' 'optical_distortion' 'color_transfer' 'inpainting']
ORCA__Size-640x640_Epoch-14_Images-4181_Batch-1__standard_8_operations.pth,standard_8_operations,train,14,0.3507668170529999,0.8441190949617684,2022-03-02 20:06:12.466403,[None 'horizontal_flip' 'vertical_flip' 'rotation' 'transpose' 'grid_distortion' 'optical_distortion' 'color_transfer' 'inpainting']
ORCA__Size-640x640_Epoch-14_Images-4181_Batch-1__standard_8_operations.pth,standard_8_operations,test,14,0.4177875047850139,0.815728389005315,2022-03-02 20:06:12.466464,[None 'horizontal_flip' 'vertical_flip' 'rotation' 'transpose' 'grid_distortion' 'optical_distortion' 'color_transfer' 'inpainting']
ORCA__Size-640x640_Epoch-15_Images-4181_Batch-1__standard_8_operations.pth,standard_8_operations,train,15,0.3521221045875123,0.8454183347565646,2022-03-02 22:10:27.464193,[None 'horizontal_flip' 'vertical_flip' 'rotation' 'transpose' 'grid_distortion' 'optical_distortion' 'color_transfer' 'inpainting']
ORCA__Size-640x640_Epoch-15_Images-4181_Batch-1__standard_8_operations.pth,standard_8_operations,test,15,0.4067520500800687,0.8185888840773905,2022-03-02 22:10:27.464247,[None 'horizontal_flip' 'vertical_flip' 'rotation' 'transpose' 'grid_distortion' 'optical_distortion' 'color_transfer' 'inpainting']
ORCA__Size-640x640_Epoch-16_Images-4181_Batch-1__standard_8_operations.pth,standard_8_operations,train,16,0.41815980420289955,0.7974024763018321,2022-03-03 00:22:36.591236,[None 'horizontal_flip' 'vertical_flip' 'rotation' 'transpose' 'grid_distortion' 'optical_distortion' 'color_transfer' 'inpainting']
ORCA__Size-640x640_Epoch-16_Images-4181_Batch-1__standard_8_operations.pth,standard_8_operations,test,16,0.42015379600108826,0.798802717703048,2022-03-03 00:22:36.591270,[None 'horizontal_flip' 'vertical_flip' 'rotation' 'transpose' 'grid_distortion' 'optical_distortion' 'color_transfer' 'inpainting']
ORCA__Size-640x640_Epoch-17_Images-4181_Batch-1__standard_8_operations.pth,standard_8_operations,train,17,0.34232001729787137,0.8493767926613704,2022-03-03 02:46:28.230736,[None 'horizontal_flip' 'vertical_flip' 'rotation' 'transpose' 'grid_distortion' 'optical_distortion' 'color_transfer' 'inpainting']
ORCA__Size-640x640_Epoch-17_Images-4181_Batch-1__standard_8_operations.pth,standard_8_operations,test,17,0.407457472610187,0.8199526331228374,2022-03-03 02:46:28.230794,[None 'horizontal_flip' 'vertical_flip' 'rotation' 'transpose' 'grid_distortion' 'optical_distortion' 'color_transfer' 'inpainting']
ORCA__Size-640x640_Epoch-18_Images-4181_Batch-1__standard_8_operations.pth,standard_8_operations,train,18,0.3280148673085356,0.8582209786225994,2022-03-03 04:50:11.426296,[None 'horizontal_flip' 'vertical_flip' 'rotation' 'transpose' 'grid_distortion' 'optical_distortion' 'color_transfer' 'inpainting']
ORCA__Size-640x640_Epoch-18_Images-4181_Batch-1__standard_8_operations.pth,standard_8_operations,test,18,0.42861698153812194,0.8094546074964094,2022-03-03 04:50:11.426369,[None 'horizontal_flip' 'vertical_flip' 'rotation' 'transpose' 'grid_distortion' 'optical_distortion' 'color_transfer' 'inpainting']
ORCA__Size-640x640_Epoch-19_Images-4181_Batch-1__standard_8_operations.pth,standard_8_operations,train,19,0.3233917602568444,0.8602949546917982,2022-03-03 06:54:07.042572,[None 'horizontal_flip' 'vertical_flip' 'rotation' 'transpose' 'grid_distortion' 'optical_distortion' 'color_transfer' 'inpainting']
ORCA__Size-640x640_Epoch-19_Images-4181_Batch-1__standard_8_operations.pth,standard_8_operations,test,19,0.431636127657628,0.8116023557799589,2022-03-03 06:54:07.042606,[None 'horizontal_flip' 'vertical_flip' 'rotation' 'transpose' 'grid_distortion' 'optical_distortion' 'color_transfer' 'inpainting']
ORCA__Size-640x640_Epoch-20_Images-4181_Batch-1__standard_8_operations.pth,standard_8_operations,train,20,0.3202864240366708,0.8620030328093249,2022-03-03 08:58:43.915468,[None 'horizontal_flip' 'vertical_flip' 'rotation' 'transpose' 'grid_distortion' 'optical_distortion' 'color_transfer' 'inpainting']
ORCA__Size-640x640_Epoch-20_Images-4181_Batch-1__standard_8_operations.pth,standard_8_operations,test,20,0.4233987737601655,0.8149556008398339,2022-03-03 08:58:43.915528,[None 'horizontal_flip' 'vertical_flip' 'rotation' 'transpose' 'grid_distortion' 'optical_distortion' 'color_transfer' 'inpainting']
ORCA__Size-640x640_Epoch-21_Images-4181_Batch-1__standard_8_operations.pth,standard_8_operations,train,21,0.3141990623284729,0.86404930379339,2022-03-03 11:03:38.038007,[None 'horizontal_flip' 'vertical_flip' 'rotation' 'transpose' 'grid_distortion' 'optical_distortion' 'color_transfer' 'inpainting']
ORCA__Size-640x640_Epoch-21_Images-4181_Batch-1__standard_8_operations.pth,standard_8_operations,test,21,0.4347312393099655,0.8122897214236157,2022-03-03 11:03:38.038081,[None 'horizontal_flip' 'vertical_flip' 'rotation' 'transpose' 'grid_distortion' 'optical_distortion' 'color_transfer' 'inpainting']
ORCA__Size-640x640_Epoch-22_Images-4181_Batch-1__standard_8_operations.pth,standard_8_operations,train,22,0.31590903590347985,0.864348825392214,2022-03-03 13:08:13.736500,[None 'horizontal_flip' 'vertical_flip' 'rotation' 'transpose' 'grid_distortion' 'optical_distortion' 'color_transfer' 'inpainting']
ORCA__Size-640x640_Epoch-22_Images-4181_Batch-1__standard_8_operations.pth,standard_8_operations,test,22,0.41103013728584625,0.8200303734692308,2022-03-03 13:08:13.736551,[None 'horizontal_flip' 'vertical_flip' 'rotation' 'transpose' 'grid_distortion' 'optical_distortion' 'color_transfer' 'inpainting']
ORCA__Size-640x640_Epoch-23_Images-4181_Batch-1__standard_8_operations.pth,standard_8_operations,train,23,0.3270500904083683,0.8581415701471321,2022-03-03 15:12:47.259819,[None 'horizontal_flip' 'vertical_flip' 'rotation' 'transpose' 'grid_distortion' 'optical_distortion' 'color_transfer' 'inpainting']
ORCA__Size-640x640_Epoch-23_Images-4181_Batch-1__standard_8_operations.pth,standard_8_operations,test,23,0.4016617419939306,0.8240314487558578,2022-03-03 15:12:47.259893,[None 'horizontal_flip' 'vertical_flip' 'rotation' 'transpose' 'grid_distortion' 'optical_distortion' 'color_transfer' 'inpainting']
ORCA__Size-640x640_Epoch-24_Images-4181_Batch-1__standard_8_operations.pth,standard_8_operations,train,24,0.3873640484395095,0.8178853614659344,2022-03-03 17:25:17.895775,[None 'horizontal_flip' 'vertical_flip' 'rotation' 'transpose' 'grid_distortion' 'optical_distortion' 'color_transfer' 'inpainting']
ORCA__Size-640x640_Epoch-24_Images-4181_Batch-1__standard_8_operations.pth,standard_8_operations,test,24,0.3893293137891774,0.8205844980455669,2022-03-03 17:25:17.895848,[None 'horizontal_flip' 'vertical_flip' 'rotation' 'transpose' 'grid_distortion' 'optical_distortion' 'color_transfer' 'inpainting']
ORCA__Size-640x640_Epoch-25_Images-4181_Batch-1__standard_8_operations.pth,standard_8_operations,train,25,0.3129247699705387,0.8660744622483049,2022-03-03 19:49:20.010468,[None 'horizontal_flip' 'vertical_flip' 'rotation' 'transpose' 'grid_distortion' 'optical_distortion' 'color_transfer' 'inpainting']
ORCA__Size-640x640_Epoch-25_Images-4181_Batch-1__standard_8_operations.pth,standard_8_operations,test,25,0.44023987046893726,0.8048576247716028,2022-03-03 19:49:20.010528,[None 'horizontal_flip' 'vertical_flip' 'rotation' 'transpose' 'grid_distortion' 'optical_distortion' 'color_transfer' 'inpainting']
ORCA__Size-640x640_Epoch-26_Images-4181_Batch-1__standard_8_operations.pth,standard_8_operations,train,26,0.3018140403268276,0.8716087932901433,2022-03-03 21:52:57.090709,[None 'horizontal_flip' 'vertical_flip' 'rotation' 'transpose' 'grid_distortion' 'optical_distortion' 'color_transfer' 'inpainting']
ORCA__Size-640x640_Epoch-26_Images-4181_Batch-1__standard_8_operations.pth,standard_8_operations,test,26,0.4301891715538702,0.8100051988168784,2022-03-03 21:52:57.090787,[None 'horizontal_flip' 'vertical_flip' 'rotation' 'transpose' 'grid_distortion' 'optical_distortion' 'color_transfer' 'inpainting']
ORCA__Size-640x640_Epoch-27_Images-4181_Batch-1__standard_8_operations.pth,standard_8_operations,train,27,0.29817150090370015,0.8728428567057464,2022-03-03 23:56:58.338882,[None 'horizontal_flip' 'vertical_flip' 'rotation' 'transpose' 'grid_distortion' 'optical_distortion' 'color_transfer' 'inpainting']
ORCA__Size-640x640_Epoch-27_Images-4181_Batch-1__standard_8_operations.pth,standard_8_operations,test,27,0.4472966407292893,0.8034506986311997,2022-03-03 23:56:58.338956,[None 'horizontal_flip' 'vertical_flip' 'rotation' 'transpose' 'grid_distortion' 'optical_distortion' 'color_transfer' 'inpainting']
ORCA__Size-640x640_Epoch-28_Images-4181_Batch-1__standard_8_operations.pth,standard_8_operations,train,28,0.2935929672293146,0.8744341683359247,2022-03-04 02:01:22.877929,[None 'horizontal_flip' 'vertical_flip' 'rotation' 'transpose' 'grid_distortion' 'optical_distortion' 'color_transfer' 'inpainting']
ORCA__Size-640x640_Epoch-28_Images-4181_Batch-1__standard_8_operations.pth,standard_8_operations,test,28,0.43448130435796023,0.8117093870081681,2022-03-04 02:01:22.877961,[None 'horizontal_flip' 'vertical_flip' 'rotation' 'transpose' 'grid_distortion' 'optical_distortion' 'color_transfer' 'inpainting']
ORCA__Size-640x640_Epoch-29_Images-4181_Batch-1__standard_8_operations.pth,standard_8_operations,train,29,0.29013694543903795,0.8761115463975813,2022-03-04 04:06:20.361846,[None 'horizontal_flip' 'vertical_flip' 'rotation' 'transpose' 'grid_distortion' 'optical_distortion' 'color_transfer' 'inpainting']
ORCA__Size-640x640_Epoch-29_Images-4181_Batch-1__standard_8_operations.pth,standard_8_operations,test,29,0.4361244639474462,0.8097320195687372,2022-03-04 04:06:20.361882,[None 'horizontal_flip' 'vertical_flip' 'rotation' 'transpose' 'grid_distortion' 'optical_distortion' 'color_transfer' 'inpainting']
ORCA__Size-640x640_Epoch-30_Images-4181_Batch-1__standard_8_operations.pth,standard_8_operations,train,30,0.2996146539787507,0.8710347574266418,2022-03-04 06:10:52.729619,[None 'horizontal_flip' 'vertical_flip' 'rotation' 'transpose' 'grid_distortion' 'optical_distortion' 'color_transfer' 'inpainting']
ORCA__Size-640x640_Epoch-30_Images-4181_Batch-1__standard_8_operations.pth,standard_8_operations,test,30,0.42095707600640747,0.8152463788077449,2022-03-04 06:10:52.729690,[None 'horizontal_flip' 'vertical_flip' 'rotation' 'transpose' 'grid_distortion' 'optical_distortion' 'color_transfer' 'inpainting']
ORCA__Size-640x640_Epoch-31_Images-4181_Batch-1__standard_8_operations.pth,standard_8_operations,train,31,0.30823293015275294,0.8660213048752923,2022-03-04 08:15:23.567117,[None 'horizontal_flip' 'vertical_flip' 'rotation' 'transpose' 'grid_distortion' 'optical_distortion' 'color_transfer' 'inpainting']
ORCA__Size-640x640_Epoch-31_Images-4181_Batch-1__standard_8_operations.pth,standard_8_operations,test,31,0.40544153753351325,0.8213156994898606,2022-03-04 08:15:23.567173,[None 'horizontal_flip' 'vertical_flip' 'rotation' 'transpose' 'grid_distortion' 'optical_distortion' 'color_transfer' 'inpainting']
